/*
Navicat Oracle Data Transfer
Oracle Client Version : 10.2.0.4.0

Source Server         : infopub
Source Server Version : 110200
Source Host           : 192.168.145.29:1521
Source Schema         : INFOPUB

Target Server Type    : ORACLE
Target Server Version : 110200
File Encoding         : 65001

Date: 2017-04-25 18:10:57
*/


-- ----------------------------
-- Table structure for PB_COMPANY
-- ----------------------------
DROP TABLE "INFOPUB"."PB_COMPANY";
CREATE TABLE "INFOPUB"."PB_COMPANY" (
"ID" VARCHAR2(64 BYTE) NOT NULL ,
"COMPANY_NAME" VARCHAR2(128 BYTE) NULL ,
"REMARK" VARCHAR2(100 BYTE) NULL ,
"CREATE_BY" VARCHAR2(64 BYTE) NOT NULL ,
"CREATE_TIME" DATE NOT NULL ,
"UPDATE_BY" VARCHAR2(64 BYTE) NOT NULL ,
"UPDATE_TIME" DATE NOT NULL ,
"COMPANY_NO" VARCHAR2(64 BYTE) NOT NULL ,
"COMPANY_TYPE" VARCHAR2(4 BYTE) NOT NULL ,
"ADDRESS" VARCHAR2(500 BYTE) NOT NULL ,
"CONTACT" VARCHAR2(64 BYTE) NOT NULL ,
"PHONE" VARCHAR2(32 BYTE) NOT NULL ,
"STATUS" VARCHAR2(1 BYTE) DEFAULT '0'  NULL ,
"AUTH_FLAG" VARCHAR2(1 BYTE) DEFAULT '0'  NOT NULL 
)
LOGGING
NOCOMPRESS
NOCACHE

;

-- ----------------------------
-- Table structure for PB_FILE
-- ----------------------------
DROP TABLE "INFOPUB"."PB_FILE";
CREATE TABLE "INFOPUB"."PB_FILE" (
"ID" VARCHAR2(64 BYTE) NOT NULL ,
"FILE_NAME" VARCHAR2(500 BYTE) NOT NULL ,
"GROUP_NAME" VARCHAR2(500 BYTE) NOT NULL ,
"ACTUAL_NAME" VARCHAR2(500 BYTE) NOT NULL 
)
LOGGING
NOCOMPRESS
NOCACHE

;

-- ----------------------------
-- Table structure for PB_USER
-- ----------------------------
DROP TABLE "INFOPUB"."PB_USER";
CREATE TABLE "INFOPUB"."PB_USER" (
"ID" VARCHAR2(64 BYTE) NOT NULL ,
"ACCOUNT" VARCHAR2(20 BYTE) NOT NULL ,
"PASSWORD" VARCHAR2(50 BYTE) NOT NULL ,
"PHONE" VARCHAR2(50 BYTE) NOT NULL ,
"USER_NAME" VARCHAR2(30 BYTE) NOT NULL ,
"EMAIL" VARCHAR2(120 BYTE) NOT NULL ,
"USER_TYPE" VARCHAR2(1 BYTE) DEFAULT '0'  NOT NULL ,
"COMPANY_ID" VARCHAR2(64 BYTE) DEFAULT null  NOT NULL ,
"STATUS" VARCHAR2(1 BYTE) DEFAULT null  NOT NULL ,
"REMARK" VARCHAR2(1000 BYTE) DEFAULT ' '  NULL ,
"CREATE_TIME" TIMESTAMP(6)  NOT NULL ,
"CREATE_BY" VARCHAR2(64 BYTE) NOT NULL ,
"UPDATE_TIME" TIMESTAMP(6)  NOT NULL ,
"UPDATE_BY" VARCHAR2(64 BYTE) NOT NULL ,
"PDMOD_FLAG" VARCHAR2(1 BYTE) DEFAULT '0'  NOT NULL 
)
LOGGING
NOCOMPRESS
NOCACHE

;


-- ----------------------------
-- Table structure for SYS_CATALOG
-- ----------------------------
DROP TABLE "INFOPUB"."SYS_CATALOG";
CREATE TABLE "INFOPUB"."SYS_CATALOG" (
"ID" VARCHAR2(64 BYTE) NOT NULL ,
"CASCADE_ID" VARCHAR2(255 BYTE) NOT NULL ,
"ROOT_KEY" VARCHAR2(255 BYTE) NOT NULL ,
"ROOT_NAME" VARCHAR2(255 BYTE) NOT NULL ,
"NAME_" VARCHAR2(255 BYTE) NOT NULL ,
"HOTKEY_" VARCHAR2(255 BYTE) DEFAULT NULL  NULL ,
"PARENT_ID" VARCHAR2(64 BYTE) NOT NULL ,
"IS_LEAF_" VARCHAR2(255 BYTE) DEFAULT '1'  NOT NULL ,
"IS_AUTO_EXPAND" VARCHAR2(255 BYTE) DEFAULT '0'  NOT NULL ,
"ICON_NAME" VARCHAR2(255 BYTE) DEFAULT NULL  NULL ,
"SORT_NO" NUMBER(10) DEFAULT NULL  NULL ,
"ENABLE_" NUMBER(1) DEFAULT '1'  NULL ,
"REMARK_" VARCHAR2(1000 BYTE) DEFAULT '1'  NULL ,
"CREATE_BY" VARCHAR2(64 BYTE) NOT NULL ,
"CREATE_TIME" DATE NOT NULL ,
"UPDATE_BY" VARCHAR2(64 BYTE) NOT NULL ,
"UPDATE_TIME" DATE NOT NULL 
)
LOGGING
NOCOMPRESS
NOCACHE

;

-- ----------------------------
-- Records of SYS_CATALOG
-- ----------------------------
INSERT INTO "INFOPUB"."SYS_CATALOG" VALUES ('1', '0.001', 'PARAM_TYPE', '参数分类科目', '参数分类', null, '0', '0', '0', 'book.png', '0', '1', '1', '1', TO_DATE('2016-06-13 14:07:29', 'YYYY-MM-DD HH24:MI:SS'), '1', TO_DATE('2016-06-13 14:07:29', 'YYYY-MM-DD HH24:MI:SS'));
INSERT INTO "INFOPUB"."SYS_CATALOG" VALUES ('10', '0.001.002.003', 'PARAM_TYPE', '参数分类科目', '其它', null, '4', '1', '0', 'icon150.png', '9', '1', '1', '1', TO_DATE('2016-06-13 14:07:29', 'YYYY-MM-DD HH24:MI:SS'), '1', TO_DATE('2016-06-13 14:07:29', 'YYYY-MM-DD HH24:MI:SS'));
INSERT INTO "INFOPUB"."SYS_CATALOG" VALUES ('11', '0.001.002.004', 'PARAM_TYPE', '参数分类科目', '导航与菜单', null, '4', '1', '0', 'icon152.png', '3', '1', '1', '1', TO_DATE('2016-06-13 14:07:29', 'YYYY-MM-DD HH24:MI:SS'), '1', TO_DATE('2016-06-13 14:07:29', 'YYYY-MM-DD HH24:MI:SS'));
INSERT INTO "INFOPUB"."SYS_CATALOG" VALUES ('12', '0.002.001.001', 'DIC_TYPE', '词典分类科目', '工作流', null, '5', '1', '0', 'folder6.png', '1', '1', '1', '1', TO_DATE('2016-06-13 14:07:29', 'YYYY-MM-DD HH24:MI:SS'), '1', TO_DATE('2016-06-13 14:07:29', 'YYYY-MM-DD HH24:MI:SS'));
INSERT INTO "INFOPUB"."SYS_CATALOG" VALUES ('2', '0.002', 'DIC_TYPE', '词典分类科目', '数据字典分类', null, '0', '0', '0', 'book.png', '2', '1', '1', '1', TO_DATE('2016-06-13 14:07:29', 'YYYY-MM-DD HH24:MI:SS'), '1', TO_DATE('2016-06-13 14:07:29', 'YYYY-MM-DD HH24:MI:SS'));
INSERT INTO "INFOPUB"."SYS_CATALOG" VALUES ('3', '0.001.001', 'PARAM_TYPE', '参数分类科目', '业务参数', null, '1', '1', '0', 'user20.png', '2', '1', '1', '1', TO_DATE('2016-06-13 14:07:29', 'YYYY-MM-DD HH24:MI:SS'), '1', TO_DATE('2016-06-13 14:07:29', 'YYYY-MM-DD HH24:MI:SS'));
INSERT INTO "INFOPUB"."SYS_CATALOG" VALUES ('4', '0.001.002', 'PARAM_TYPE', '参数分类科目', '系统参数', null, '1', '0', '1', 'folder22.png', '1', '1', '1', '1', TO_DATE('2016-06-13 14:07:29', 'YYYY-MM-DD HH24:MI:SS'), '1', TO_DATE('2016-06-13 14:07:29', 'YYYY-MM-DD HH24:MI:SS'));
INSERT INTO "INFOPUB"."SYS_CATALOG" VALUES ('5', '0.002.001', 'DIC_TYPE', '词典分类科目', '系统管理', null, '2', '0', '1', 'folder22.png', '2', '1', '1', '1', TO_DATE('2016-06-13 14:07:29', 'YYYY-MM-DD HH24:MI:SS'), '1', TO_DATE('2016-06-13 14:07:29', 'YYYY-MM-DD HH24:MI:SS'));
INSERT INTO "INFOPUB"."SYS_CATALOG" VALUES ('6', '0.002.002', 'DIC_TYPE', '词典分类科目', '全局通用', null, '2', '1', '0', 'folder24.png', '3', '1', '1', '1', TO_DATE('2016-06-13 14:07:29', 'YYYY-MM-DD HH24:MI:SS'), '1', TO_DATE('2016-06-13 14:07:29', 'YYYY-MM-DD HH24:MI:SS'));
INSERT INTO "INFOPUB"."SYS_CATALOG" VALUES ('7', '0.002.006', 'DIC_TYPE', '词典分类科目', '平台配置', null, '2', '1', '0', 'folder2.png', '1', '1', '1', '1', TO_DATE('2016-06-13 14:07:29', 'YYYY-MM-DD HH24:MI:SS'), '1', TO_DATE('2016-06-13 14:07:29', 'YYYY-MM-DD HH24:MI:SS'));
INSERT INTO "INFOPUB"."SYS_CATALOG" VALUES ('8', '0.001.002.001', 'PARAM_TYPE', '参数分类科目', '验证码', null, '4', '1', '0', 'ok3.png', '2', '1', '1', '1', TO_DATE('2016-06-13 14:07:29', 'YYYY-MM-DD HH24:MI:SS'), '1', TO_DATE('2016-06-13 14:07:29', 'YYYY-MM-DD HH24:MI:SS'));
INSERT INTO "INFOPUB"."SYS_CATALOG" VALUES ('9', '0.001.002.002', 'PARAM_TYPE', '参数分类科目', '界面显示', null, '4', '1', '0', 'icon59.png', '1', '1', '1', '1', TO_DATE('2016-06-13 14:07:29', 'YYYY-MM-DD HH24:MI:SS'), '1', TO_DATE('2016-06-13 14:07:29', 'YYYY-MM-DD HH24:MI:SS'));

-- ----------------------------
-- Table structure for SYS_DEPT
-- ----------------------------
DROP TABLE "INFOPUB"."SYS_DEPT";
CREATE TABLE "INFOPUB"."SYS_DEPT" (
"ID" VARCHAR2(64 BYTE) NOT NULL ,
"DEPT_NAME" VARCHAR2(128 BYTE) DEFAULT NULL  NULL ,
"PARENT_ID" VARCHAR2(64 BYTE) DEFAULT NULL  NULL ,
"SORT_NO" NUMBER(3) DEFAULT NULL  NULL ,
"LEAF_" NUMBER(1) DEFAULT NULL  NULL ,
"ENABLE_" NUMBER(1) DEFAULT NULL  NULL ,
"REMARK_" VARCHAR2(1000 BYTE) DEFAULT NULL  NULL ,
"CREATE_BY" VARCHAR2(64 BYTE) NOT NULL ,
"CREATE_TIME" DATE NOT NULL ,
"UPDATE_BY" VARCHAR2(64 BYTE) NOT NULL ,
"UPDATE_TIME" DATE NOT NULL ,
"DEPT_DESC" VARCHAR2(1000 BYTE) NULL ,
"DEPT_NO" VARCHAR2(64 BYTE) DEFAULT null  NOT NULL 
)
LOGGING
NOCOMPRESS
NOCACHE

;

-- ----------------------------
-- Records of SYS_DEPT
-- ----------------------------
INSERT INTO "INFOPUB"."SYS_DEPT" VALUES ('2017030315083695800003', '托管部01', null, null, null, '1', null, '1', TO_DATE('2017-03-03 15:08:36', 'YYYY-MM-DD HH24:MI:SS'), '1', TO_DATE('2017-03-10 14:06:48', 'YYYY-MM-DD HH24:MI:SS'), null, '1004');
INSERT INTO "INFOPUB"."SYS_DEPT" VALUES ('2016092814160010200003', '资管部', null, null, null, '1', '1', '1', TO_DATE('2016-09-28 14:16:00', 'YYYY-MM-DD HH24:MI:SS'), '1', TO_DATE('2017-03-10 14:06:55', 'YYYY-MM-DD HH24:MI:SS'), '资管部', '1001');
INSERT INTO "INFOPUB"."SYS_DEPT" VALUES ('2016092814165615100005', '信息部', null, '145', null, '1', null, '1', TO_DATE('2016-09-28 14:16:56', 'YYYY-MM-DD HH24:MI:SS'), '2016102409573771200004', TO_DATE('2016-10-24 14:12:21', 'YYYY-MM-DD HH24:MI:SS'), '5', '1002');
INSERT INTO "INFOPUB"."SYS_DEPT" VALUES ('2016092814171238700006', '托管部', null, '12', null, '1', null, '1', TO_DATE('2016-09-28 14:17:12', 'YYYY-MM-DD HH24:MI:SS'), '1', TO_DATE('2017-01-11 16:09:35', 'YYYY-MM-DD HH24:MI:SS'), '主要负责哪些业务。', '1003');
INSERT INTO "INFOPUB"."SYS_DEPT" VALUES ('2016101309104112400002', '运营管理部', null, null, null, '1', '1', '1', TO_DATE('2016-10-13 09:10:41', 'YYYY-MM-DD HH24:MI:SS'), '201610121538349483', TO_DATE('2016-10-17 10:01:13', 'YYYY-MM-DD HH24:MI:SS'), '1', '1005-1');
INSERT INTO "INFOPUB"."SYS_DEPT" VALUES ('2016102814575779100007', '10002T', null, null, null, '0', null, '1', TO_DATE('2016-10-28 14:57:57', 'YYYY-MM-DD HH24:MI:SS'), '1', TO_DATE('2017-01-12 10:59:41', 'YYYY-MM-DD HH24:MI:SS'), '1
1

2
3
3
4
4
5
5
6
6
7
7
8
8
9
9', '100021');
INSERT INTO "INFOPUB"."SYS_DEPT" VALUES ('2016102410355549900001', 'WDDTEST', null, null, null, '1', 'TEST', '1', TO_DATE('2016-10-24 10:35:55', 'YYYY-MM-DD HH24:MI:SS'), '2016102410363687700008', TO_DATE('2017-03-16 09:51:49', 'YYYY-MM-DD HH24:MI:SS'), 'TEST', 'WDDTEST');
INSERT INTO "INFOPUB"."SYS_DEPT" VALUES ('2016102410534292300002', '建设部-1000001', null, null, null, '1', '建设部建设部建设部建设部建设部建设', '2016102409573771200004', TO_DATE('2016-10-24 10:53:42', 'YYYY-MM-DD HH24:MI:SS'), '2017032313224343700003', TO_DATE('2017-03-23 14:06:09', 'YYYY-MM-DD HH24:MI:SS'), '建设部', '10001');
INSERT INTO "INFOPUB"."SYS_DEPT" VALUES ('2016110116240118200002', '456', null, null, null, '0', '1', '2016102409521899200003', TO_DATE('2016-11-01 16:24:01', 'YYYY-MM-DD HH24:MI:SS'), '1', TO_DATE('2017-01-16 15:42:56', 'YYYY-MM-DD HH24:MI:SS'), '1', '1');
INSERT INTO "INFOPUB"."SYS_DEPT" VALUES ('2016103116292195100001', '456', null, null, null, '0', null, '2016102409521899200003', TO_DATE('2016-10-31 16:29:21', 'YYYY-MM-DD HH24:MI:SS'), '1', TO_DATE('2017-01-16 15:43:04', 'YYYY-MM-DD HH24:MI:SS'), '9998', '123');
INSERT INTO "INFOPUB"."SYS_DEPT" VALUES ('2016102718180297500004', '10002', null, null, null, '0', '10002', '1', TO_DATE('2016-10-27 18:18:02', 'YYYY-MM-DD HH24:MI:SS'), '1', TO_DATE('2017-01-12 10:59:42', 'YYYY-MM-DD HH24:MI:SS'), '10002', '10002');
INSERT INTO "INFOPUB"."SYS_DEPT" VALUES ('2017032313321874500001', '信息goo', null, null, null, '1', '方法', '2016102409521899200003', TO_DATE('2017-03-23 13:32:18', 'YYYY-MM-DD HH24:MI:SS'), '2016102409521899200003', TO_DATE('2017-03-23 13:32:38', 'YYYY-MM-DD HH24:MI:SS'), '吊炸天', '9901');

-- ----------------------------
-- Table structure for SYS_DIC
-- ----------------------------
DROP TABLE "INFOPUB"."SYS_DIC";
CREATE TABLE "INFOPUB"."SYS_DIC" (
"ID" VARCHAR2(64 BYTE) NOT NULL ,
"INDEX_ID" VARCHAR2(64 BYTE) DEFAULT NULL  NULL ,
"CODE_" VARCHAR2(100 BYTE) DEFAULT NULL  NULL ,
"CODE_TEXT" VARCHAR2(100 BYTE) DEFAULT NULL  NULL ,
"SORT_NO" NUMBER(2) DEFAULT NULL  NULL ,
"EDITABLE_" NUMBER(1) DEFAULT '1'  NOT NULL ,
"ENABLE_" NUMBER(1) DEFAULT '1'  NOT NULL ,
"REMARK_" VARCHAR2(500 BYTE) DEFAULT NULL  NULL ,
"CREATE_BY" VARCHAR2(64 BYTE) NOT NULL ,
"CREATE_TIME" DATE NOT NULL ,
"UPDATE_BY" VARCHAR2(64 BYTE) NOT NULL ,
"UPDATE_TIME" DATE NOT NULL 
)
LOGGING
NOCOMPRESS
NOCACHE

;

-- ----------------------------
-- Records of SYS_DIC
-- ----------------------------
INSERT INTO "INFOPUB"."SYS_DIC" VALUES ('1', '1', '0', '未知', '1', '1', '1', null, '1476857595706', TO_DATE('2016-10-19 14:13:15', 'YYYY-MM-DD HH24:MI:SS'), '201610121512533111', TO_DATE('2016-10-19 14:13:15', 'YYYY-MM-DD HH24:MI:SS'));
INSERT INTO "INFOPUB"."SYS_DIC" VALUES ('2', '1', '1', '男', '2', '1', '1', null, '1476857595717', TO_DATE('2016-10-19 14:13:15', 'YYYY-MM-DD HH24:MI:SS'), '201610121512533111', TO_DATE('2016-10-19 14:13:15', 'YYYY-MM-DD HH24:MI:SS'));
INSERT INTO "INFOPUB"."SYS_DIC" VALUES ('3', '1', '2', '女', '3', '1', '1', null, '1476857595726', TO_DATE('2016-10-19 14:13:15', 'YYYY-MM-DD HH24:MI:SS'), '201610121512533111', TO_DATE('2016-10-19 14:13:15', 'YYYY-MM-DD HH24:MI:SS'));
INSERT INTO "INFOPUB"."SYS_DIC" VALUES ('4', '10', '0', '收缩', '1', '0', '1', null, '1', TO_DATE('2016-06-28 18:04:06', 'YYYY-MM-DD HH24:MI:SS'), '1', TO_DATE('2016-06-28 18:03:47', 'YYYY-MM-DD HH24:MI:SS'));
INSERT INTO "INFOPUB"."SYS_DIC" VALUES ('5', '10', '1', '展开', '2', '0', '1', null, '1', TO_DATE('2016-06-28 18:04:06', 'YYYY-MM-DD HH24:MI:SS'), '1', TO_DATE('2016-06-28 18:03:46', 'YYYY-MM-DD HH24:MI:SS'));
INSERT INTO "INFOPUB"."SYS_DIC" VALUES ('6', '11', 'add', '新增', '1', '0', '1', null, '1', TO_DATE('2016-06-28 18:04:06', 'YYYY-MM-DD HH24:MI:SS'), '1', TO_DATE('2016-06-28 18:03:56', 'YYYY-MM-DD HH24:MI:SS'));
INSERT INTO "INFOPUB"."SYS_DIC" VALUES ('7', '11', 'close', '关闭', '6', '0', '1', null, '1', TO_DATE('2016-06-28 18:04:06', 'YYYY-MM-DD HH24:MI:SS'), '1', TO_DATE('2016-06-28 18:04:01', 'YYYY-MM-DD HH24:MI:SS'));
INSERT INTO "INFOPUB"."SYS_DIC" VALUES ('8', '11', 'delete', '删除', '4', '0', '1', null, '1', TO_DATE('2016-06-28 18:04:06', 'YYYY-MM-DD HH24:MI:SS'), '1', TO_DATE('2016-06-28 18:03:59', 'YYYY-MM-DD HH24:MI:SS'));
INSERT INTO "INFOPUB"."SYS_DIC" VALUES ('9', '11', 'open', '打开', '5', '0', '1', null, '1', TO_DATE('2016-06-28 18:04:06', 'YYYY-MM-DD HH24:MI:SS'), '1', TO_DATE('2016-06-28 18:04:00', 'YYYY-MM-DD HH24:MI:SS'));
INSERT INTO "INFOPUB"."SYS_DIC" VALUES ('10', '11', 'read', '查询', '2', '0', '1', null, '1', TO_DATE('2016-06-28 18:04:06', 'YYYY-MM-DD HH24:MI:SS'), '1', TO_DATE('2016-06-28 18:03:58', 'YYYY-MM-DD HH24:MI:SS'));
INSERT INTO "INFOPUB"."SYS_DIC" VALUES ('11', '11', 'run', '执行', '7', '0', '1', null, '1', TO_DATE('2016-06-28 18:04:06', 'YYYY-MM-DD HH24:MI:SS'), '1', TO_DATE('2016-06-28 18:04:01', 'YYYY-MM-DD HH24:MI:SS'));
INSERT INTO "INFOPUB"."SYS_DIC" VALUES ('12', '11', 'update', '修改', '3', '0', '1', null, '1', TO_DATE('2016-06-28 18:04:06', 'YYYY-MM-DD HH24:MI:SS'), '1', TO_DATE('2016-06-28 18:03:59', 'YYYY-MM-DD HH24:MI:SS'));
INSERT INTO "INFOPUB"."SYS_DIC" VALUES ('13', '12', '0', '静态', '1', '1', '1', null, '1', TO_DATE('2017-01-19 14:01:36', 'YYYY-MM-DD HH24:MI:SS'), '1', TO_DATE('2017-01-19 14:01:36', 'YYYY-MM-DD HH24:MI:SS'));
INSERT INTO "INFOPUB"."SYS_DIC" VALUES ('14', '13', '0', '基金公司', '1', '1', '1', null, '1476840655933', TO_DATE('2016-10-19 09:30:55', 'YYYY-MM-DD HH24:MI:SS'), '1', TO_DATE('2016-10-19 09:30:55', 'YYYY-MM-DD HH24:MI:SS'));
INSERT INTO "INFOPUB"."SYS_DIC" VALUES ('15', '13', '1', '私募机构', '2', '1', '1', null, '1476840655966', TO_DATE('2016-10-19 09:30:55', 'YYYY-MM-DD HH24:MI:SS'), '1', TO_DATE('2016-10-19 09:30:55', 'YYYY-MM-DD HH24:MI:SS'));
INSERT INTO "INFOPUB"."SYS_DIC" VALUES ('16', '13', '2', '基金子公司', '6', '1', '1', null, '1476840656021', TO_DATE('2016-10-19 09:30:56', 'YYYY-MM-DD HH24:MI:SS'), '1', TO_DATE('2016-10-19 09:30:56', 'YYYY-MM-DD HH24:MI:SS'));
INSERT INTO "INFOPUB"."SYS_DIC" VALUES ('17', '13', '3', '信托公司', '4', '1', '1', null, '1476840655988', TO_DATE('2016-10-19 09:30:55', 'YYYY-MM-DD HH24:MI:SS'), '1', TO_DATE('2016-10-19 09:30:55', 'YYYY-MM-DD HH24:MI:SS'));
INSERT INTO "INFOPUB"."SYS_DIC" VALUES ('18', '13', '4', '期货公司', '5', '1', '1', null, '1476840656004', TO_DATE('2016-10-19 09:30:56', 'YYYY-MM-DD HH24:MI:SS'), '1', TO_DATE('2016-10-19 09:30:56', 'YYYY-MM-DD HH24:MI:SS'));
INSERT INTO "INFOPUB"."SYS_DIC" VALUES ('19', '13', '5', '高净值客户', '3', '1', '1', null, '1476840655978', TO_DATE('2016-10-19 09:30:55', 'YYYY-MM-DD HH24:MI:SS'), '1', TO_DATE('2016-10-19 09:30:55', 'YYYY-MM-DD HH24:MI:SS'));
INSERT INTO "INFOPUB"."SYS_DIC" VALUES ('20', '14', '/bizspace/login', '用户登录', '2', '1', '1', null, '1', TO_DATE('2016-10-31 11:43:30', 'YYYY-MM-DD HH24:MI:SS'), '1', TO_DATE('2016-10-31 11:43:30', 'YYYY-MM-DD HH24:MI:SS'));
INSERT INTO "INFOPUB"."SYS_DIC" VALUES ('21', '14', '/bizspace/notify/read/detail', '用户读取消息', '1', '1', '1', null, '1', TO_DATE('2016-10-31 11:43:30', 'YYYY-MM-DD HH24:MI:SS'), '1', TO_DATE('2016-10-31 11:43:30', 'YYYY-MM-DD HH24:MI:SS'));
INSERT INTO "INFOPUB"."SYS_DIC" VALUES ('22', '14', '/bizspace/notify/read/list', '用户消息列表', '3', '1', '1', null, '1', TO_DATE('2016-10-31 11:43:30', 'YYYY-MM-DD HH24:MI:SS'), '1', TO_DATE('2016-10-31 11:43:30', 'YYYY-MM-DD HH24:MI:SS'));
INSERT INTO "INFOPUB"."SYS_DIC" VALUES ('23', '15', '0', '否', '2', '0', '1', null, '1', TO_DATE('2016-06-28 18:04:06', 'YYYY-MM-DD HH24:MI:SS'), '1', TO_DATE('2016-06-28 18:04:06', 'YYYY-MM-DD HH24:MI:SS'));
INSERT INTO "INFOPUB"."SYS_DIC" VALUES ('24', '15', '1', '是', '2', '0', '1', null, '1', TO_DATE('2016-06-28 18:04:06', 'YYYY-MM-DD HH24:MI:SS'), '1', TO_DATE('2016-06-28 18:04:06', 'YYYY-MM-DD HH24:MI:SS'));
INSERT INTO "INFOPUB"."SYS_DIC" VALUES ('25', '16', '0', '否', '1', '1', '1', null, '1', TO_DATE('2017-04-24 13:25:00', 'YYYY-MM-DD HH24:MI:SS'), '1', TO_DATE('2017-04-24 13:25:00', 'YYYY-MM-DD HH24:MI:SS'));
INSERT INTO "INFOPUB"."SYS_DIC" VALUES ('26', '16', '1', '是', '2', '1', '1', null, '1', TO_DATE('2017-04-24 13:25:00', 'YYYY-MM-DD HH24:MI:SS'), '1', TO_DATE('2017-04-24 13:25:00', 'YYYY-MM-DD HH24:MI:SS'));
INSERT INTO "INFOPUB"."SYS_DIC" VALUES ('27', '17', '0', '提交申请', '2', '0', '1', null, '1', TO_DATE('2016-06-28 18:04:06', 'YYYY-MM-DD HH24:MI:SS'), '1', TO_DATE('2016-06-28 18:04:06', 'YYYY-MM-DD HH24:MI:SS'));
INSERT INTO "INFOPUB"."SYS_DIC" VALUES ('28', '17', '1', '受理', '2', '0', '1', null, '1', TO_DATE('2016-06-28 18:04:06', 'YYYY-MM-DD HH24:MI:SS'), '1', TO_DATE('2016-06-28 18:04:06', 'YYYY-MM-DD HH24:MI:SS'));
INSERT INTO "INFOPUB"."SYS_DIC" VALUES ('29', '17', '2', '退回修改', '2', '0', '1', null, '1', TO_DATE('2016-06-28 18:04:06', 'YYYY-MM-DD HH24:MI:SS'), '1', TO_DATE('2016-06-28 18:04:06', 'YYYY-MM-DD HH24:MI:SS'));
INSERT INTO "INFOPUB"."SYS_DIC" VALUES ('30', '17', '3', '处理完成', '2', '0', '1', null, '1', TO_DATE('2016-06-28 18:04:06', 'YYYY-MM-DD HH24:MI:SS'), '1', TO_DATE('2016-06-28 18:04:06', 'YYYY-MM-DD HH24:MI:SS'));
INSERT INTO "INFOPUB"."SYS_DIC" VALUES ('31', '2', '0', '激活', '1', '0', '1', null, '1', TO_DATE('2016-06-28 18:04:06', 'YYYY-MM-DD HH24:MI:SS'), '1', TO_DATE('2016-06-28 18:04:11', 'YYYY-MM-DD HH24:MI:SS'));
INSERT INTO "INFOPUB"."SYS_DIC" VALUES ('32', '2', '1', '锁定', '2', '0', '1', null, '1', TO_DATE('2016-06-28 18:04:06', 'YYYY-MM-DD HH24:MI:SS'), '1', TO_DATE('2016-06-28 18:04:10', 'YYYY-MM-DD HH24:MI:SS'));
INSERT INTO "INFOPUB"."SYS_DIC" VALUES ('33', '3', '1', '业务角色', '1', '1', '1', null, '2016102409573771200004', TO_DATE('2016-10-27 14:59:15', 'YYYY-MM-DD HH24:MI:SS'), '2016102409573771200004', TO_DATE('2016-10-27 14:59:15', 'YYYY-MM-DD HH24:MI:SS'));
INSERT INTO "INFOPUB"."SYS_DIC" VALUES ('34', '3', '2', '管理角色', '2', '1', '1', null, '2016102409573771200004', TO_DATE('2016-10-27 14:59:15', 'YYYY-MM-DD HH24:MI:SS'), '2016102409573771200004', TO_DATE('2016-10-27 14:59:15', 'YYYY-MM-DD HH24:MI:SS'));
INSERT INTO "INFOPUB"."SYS_DIC" VALUES ('35', '3', '3', '系统内置角色', '3', '1', '1', null, '2016102409573771200004', TO_DATE('2016-10-27 14:59:15', 'YYYY-MM-DD HH24:MI:SS'), '2016102409573771200004', TO_DATE('2016-10-27 14:59:15', 'YYYY-MM-DD HH24:MI:SS'));
INSERT INTO "INFOPUB"."SYS_DIC" VALUES ('36', '3', '4', '系统内置角色系统内置', '4', '1', '1', null, '2016102409573771200004', TO_DATE('2016-10-27 14:59:15', 'YYYY-MM-DD HH24:MI:SS'), '2016102409573771200004', TO_DATE('2016-10-27 14:59:15', 'YYYY-MM-DD HH24:MI:SS'));
INSERT INTO "INFOPUB"."SYS_DIC" VALUES ('37', '4', '0', '树枝节点', '1', '0', '1', null, '1', TO_DATE('2016-06-28 18:04:06', 'YYYY-MM-DD HH24:MI:SS'), '1', TO_DATE('2016-09-29 10:17:33', 'YYYY-MM-DD HH24:MI:SS'));
INSERT INTO "INFOPUB"."SYS_DIC" VALUES ('38', '4', '1', '叶子节点', '2', '0', '1', null, '1', TO_DATE('2016-06-28 18:04:06', 'YYYY-MM-DD HH24:MI:SS'), '1', TO_DATE('2016-06-28 18:04:07', 'YYYY-MM-DD HH24:MI:SS'));
INSERT INTO "INFOPUB"."SYS_DIC" VALUES ('39', '5', '0', '只读', '1', '0', '1', null, '1', TO_DATE('2016-06-28 18:04:06', 'YYYY-MM-DD HH24:MI:SS'), '1', TO_DATE('2016-06-28 18:04:06', 'YYYY-MM-DD HH24:MI:SS'));
INSERT INTO "INFOPUB"."SYS_DIC" VALUES ('40', '6', '0', '禁用', null, '1', '1', null, '1476425196161', TO_DATE('2016-10-14 14:06:36', 'YYYY-MM-DD HH24:MI:SS'), '1', TO_DATE('2016-10-14 14:06:36', 'YYYY-MM-DD HH24:MI:SS'));
INSERT INTO "INFOPUB"."SYS_DIC" VALUES ('41', '6', '1', '启用', null, '1', '1', null, '1476425196192', TO_DATE('2016-10-14 14:06:36', 'YYYY-MM-DD HH24:MI:SS'), '1', TO_DATE('2016-10-14 14:06:36', 'YYYY-MM-DD HH24:MI:SS'));
INSERT INTO "INFOPUB"."SYS_DIC" VALUES ('42', '7', '1', '访问权限', '2', '1', '1', null, '2016102409521899200003', TO_DATE('2016-10-24 18:24:40', 'YYYY-MM-DD HH24:MI:SS'), '2016102409521899200003', TO_DATE('2016-10-24 18:24:40', 'YYYY-MM-DD HH24:MI:SS'));
INSERT INTO "INFOPUB"."SYS_DIC" VALUES ('43', '7', '2', '管理权限', '1', '1', '1', null, '2016102409521899200003', TO_DATE('2016-10-24 18:24:40', 'YYYY-MM-DD HH24:MI:SS'), '2016102409521899200003', TO_DATE('2016-10-24 18:24:40', 'YYYY-MM-DD HH24:MI:SS'));
INSERT INTO "INFOPUB"."SYS_DIC" VALUES ('44', '8', '1', '系统菜单', '1', '1', '1', null, '1476857458013', TO_DATE('2016-10-19 14:10:58', 'YYYY-MM-DD HH24:MI:SS'), '201610121512533111', TO_DATE('2016-10-19 14:10:58', 'YYYY-MM-DD HH24:MI:SS'));
INSERT INTO "INFOPUB"."SYS_DIC" VALUES ('45', '8', '2', '业务菜单', '2', '1', '1', null, '1476857458025', TO_DATE('2016-10-19 14:10:58', 'YYYY-MM-DD HH24:MI:SS'), '201610121512533111', TO_DATE('2016-10-19 14:10:58', 'YYYY-MM-DD HH24:MI:SS'));
INSERT INTO "INFOPUB"."SYS_DIC" VALUES ('46', '9', '0', '系统用户', '1', '1', '1', null, '2016102409521899200003', TO_DATE('2017-03-23 14:09:38', 'YYYY-MM-DD HH24:MI:SS'), '2016102409521899200003', TO_DATE('2017-03-23 14:09:38', 'YYYY-MM-DD HH24:MI:SS'));
INSERT INTO "INFOPUB"."SYS_DIC" VALUES ('47', '9', '1', '运营管理部用户', '3', '1', '1', null, '2016102409521899200003', TO_DATE('2017-03-23 14:09:38', 'YYYY-MM-DD HH24:MI:SS'), '2016102409521899200003', TO_DATE('2017-03-23 14:09:38', 'YYYY-MM-DD HH24:MI:SS'));
INSERT INTO "INFOPUB"."SYS_DIC" VALUES ('48', '9', '2', '资产托管部用户', '2', '1', '1', null, '2016102409521899200003', TO_DATE('2017-03-23 14:09:38', 'YYYY-MM-DD HH24:MI:SS'), '2016102409521899200003', TO_DATE('2017-03-23 14:09:38', 'YYYY-MM-DD HH24:MI:SS'));

-- ----------------------------
-- Table structure for SYS_DIC_INDEX
-- ----------------------------
DROP TABLE "INFOPUB"."SYS_DIC_INDEX";
CREATE TABLE "INFOPUB"."SYS_DIC_INDEX" (
"ID" VARCHAR2(64 BYTE) NOT NULL ,
"CATALOG_ID" VARCHAR2(64 BYTE) DEFAULT '0'  NOT NULL ,
"KEY_" VARCHAR2(50 BYTE) DEFAULT NULL  NULL ,
"NAME_" VARCHAR2(200 BYTE) DEFAULT NULL  NULL ,
"ENABLE_" NUMBER(1) DEFAULT '1'  NULL ,
"REMARK_" VARCHAR2(1000 BYTE) DEFAULT NULL  NULL ,
"CREATE_BY" VARCHAR2(64 BYTE) NOT NULL ,
"CREATE_TIME" DATE NOT NULL ,
"UPDATE_BY" VARCHAR2(64 BYTE) NOT NULL ,
"UPDATE_TIME" DATE NOT NULL 
)
LOGGING
NOCOMPRESS
NOCACHE

;

-- ----------------------------
-- Records of SYS_DIC_INDEX
-- ----------------------------
INSERT INTO "INFOPUB"."SYS_DIC_INDEX" VALUES ('12', '1', 'RESOURCETYPE', '资源类型', '1', null, '1', TO_DATE('2017-01-18 10:48:41', 'YYYY-MM-DD HH24:MI:SS'), '1484707721733', TO_DATE('2017-01-18 10:48:41', 'YYYY-MM-DD HH24:MI:SS'));
INSERT INTO "INFOPUB"."SYS_DIC_INDEX" VALUES ('13', '5', 'COMPANYTYPE', '公司类型', '1', null, '1', TO_DATE('2016-07-30 00:06:43', 'YYYY-MM-DD HH24:MI:SS'), '1', TO_DATE('2017-03-03 15:10:32', 'YYYY-MM-DD HH24:MI:SS'));
INSERT INTO "INFOPUB"."SYS_DIC_INDEX" VALUES ('14', '5', 'REQUESTURI', '访问路径', '1', null, '1', TO_DATE('2016-07-30 00:06:43', 'YYYY-MM-DD HH24:MI:SS'), '1', TO_DATE('2016-09-29 10:45:44', 'YYYY-MM-DD HH24:MI:SS'));
INSERT INTO "INFOPUB"."SYS_DIC_INDEX" VALUES ('16', '1', 'DELETEFLAG', '是否删除', '1', null, '1', TO_DATE('2017-04-24 13:25:00', 'YYYY-MM-DD HH24:MI:SS'), '1', TO_DATE('2017-04-24 13:25:00', 'YYYY-MM-DD HH24:MI:SS'));
INSERT INTO "INFOPUB"."SYS_DIC_INDEX" VALUES ('17', '5', 'DEALTYPE', '操作类型', '1', null, '1', TO_DATE('2016-07-30 00:06:43', 'YYYY-MM-DD HH24:MI:SS'), '1', TO_DATE('2016-07-30 00:06:43', 'YYYY-MM-DD HH24:MI:SS'));
INSERT INTO "INFOPUB"."SYS_DIC_INDEX" VALUES ('15', '5', 'YESNOTYPE', '是否类型', '1', null, '1', TO_DATE('2016-07-30 00:06:43', 'YYYY-MM-DD HH24:MI:SS'), '1', TO_DATE('2016-07-30 00:06:43', 'YYYY-MM-DD HH24:MI:SS'));
INSERT INTO "INFOPUB"."SYS_DIC_INDEX" VALUES ('1', '6', 'SEX', '性别', '1', null, '1', TO_DATE('2016-06-28 18:04:06', 'YYYY-MM-DD HH24:MI:SS'), '1', TO_DATE('2017-03-10 14:07:22', 'YYYY-MM-DD HH24:MI:SS'));
INSERT INTO "INFOPUB"."SYS_DIC_INDEX" VALUES ('10', '6', 'EXPAND', '展开状态', '1', null, '1', TO_DATE('2016-06-28 18:04:06', 'YYYY-MM-DD HH24:MI:SS'), '1', TO_DATE('2016-07-30 00:06:52', 'YYYY-MM-DD HH24:MI:SS'));
INSERT INTO "INFOPUB"."SYS_DIC_INDEX" VALUES ('11', '5', 'CRUD', '操作类型', '1', null, '1', TO_DATE('2016-06-28 18:04:06', 'YYYY-MM-DD HH24:MI:SS'), '1', TO_DATE('2017-03-03 16:05:52', 'YYYY-MM-DD HH24:MI:SS'));
INSERT INTO "INFOPUB"."SYS_DIC_INDEX" VALUES ('2', '6', 'LOCKED', '锁定', '1', null, '1', TO_DATE('2016-06-28 18:04:06', 'YYYY-MM-DD HH24:MI:SS'), '1', TO_DATE('2016-07-30 00:06:49', 'YYYY-MM-DD HH24:MI:SS'));
INSERT INTO "INFOPUB"."SYS_DIC_INDEX" VALUES ('3', '5', 'ROLETYPE', '角色类型', '1', null, '1', TO_DATE('2016-07-30 00:06:30', 'YYYY-MM-DD HH24:MI:SS'), '1', TO_DATE('2016-07-30 00:06:50', 'YYYY-MM-DD HH24:MI:SS'));
INSERT INTO "INFOPUB"."SYS_DIC_INDEX" VALUES ('4', '6', 'LEAF', '节点类型', '1', null, '1', TO_DATE('2016-06-28 18:04:06', 'YYYY-MM-DD HH24:MI:SS'), '1', TO_DATE('2016-07-30 00:06:48', 'YYYY-MM-DD HH24:MI:SS'));
INSERT INTO "INFOPUB"."SYS_DIC_INDEX" VALUES ('5', '5', 'EDITABLE', '编辑模式', '1', null, '1', TO_DATE('2016-07-30 00:06:33', 'YYYY-MM-DD HH24:MI:SS'), '1', TO_DATE('2017-03-22 10:35:10', 'YYYY-MM-DD HH24:MI:SS'));
INSERT INTO "INFOPUB"."SYS_DIC_INDEX" VALUES ('6', '5', 'ENABLE', '启用状态', '1', null, '1', TO_DATE('2016-07-30 00:06:35', 'YYYY-MM-DD HH24:MI:SS'), '1', TO_DATE('2016-07-30 00:06:45', 'YYYY-MM-DD HH24:MI:SS'));
INSERT INTO "INFOPUB"."SYS_DIC_INDEX" VALUES ('7', '5', 'AUTHORIZELEVEL', '权限级别', '1', null, '1', TO_DATE('2016-07-30 00:06:37', 'YYYY-MM-DD HH24:MI:SS'), '1', TO_DATE('2017-03-22 10:34:43', 'YYYY-MM-DD HH24:MI:SS'));
INSERT INTO "INFOPUB"."SYS_DIC_INDEX" VALUES ('8', '5', 'MENUTYPE', '菜单类型', '1', null, '1', TO_DATE('2016-07-30 00:06:38', 'YYYY-MM-DD HH24:MI:SS'), '1', TO_DATE('2016-07-30 00:06:40', 'YYYY-MM-DD HH24:MI:SS'));
INSERT INTO "INFOPUB"."SYS_DIC_INDEX" VALUES ('9', '5', 'USERTYPE', '人员', '1', null, '1', TO_DATE('2016-07-30 00:06:43', 'YYYY-MM-DD HH24:MI:SS'), '1', TO_DATE('2017-03-23 14:09:48', 'YYYY-MM-DD HH24:MI:SS'));

-- ----------------------------
-- Table structure for SYS_EVENT
-- ----------------------------
DROP TABLE "INFOPUB"."SYS_EVENT";
CREATE TABLE "INFOPUB"."SYS_EVENT" (
"ID" VARCHAR2(64 BYTE) NOT NULL ,
"TITLE_" VARCHAR2(50 BYTE) DEFAULT NULL  NULL ,
"REQUEST_URI" VARCHAR2(50 BYTE) DEFAULT NULL  NULL ,
"METHOD_" VARCHAR2(20 BYTE) DEFAULT NULL  NULL ,
"CLIENT_HOST" VARCHAR2(50 BYTE) DEFAULT NULL  NULL ,
"USER_AGENT" VARCHAR2(300 BYTE) DEFAULT NULL  NULL ,
"STATUS_" NUMBER(3) DEFAULT NULL  NULL ,
"ENABLE_" NUMBER(1) DEFAULT NULL  NULL ,
"REMARK_" CLOB NULL ,
"CREATE_BY" VARCHAR2(64 BYTE) NOT NULL ,
"CREATE_TIME" DATE NOT NULL ,
"UPDATE_BY" VARCHAR2(64 BYTE) NOT NULL ,
"UPDATE_TIME" DATE NOT NULL ,
"PARAMETERS_" CLOB NULL 
)
LOGGING
NOCOMPRESS
NOCACHE

;

-- ----------------------------
-- Records of SYS_EVENT
-- ----------------------------

-- ----------------------------
-- Table structure for SYS_MENU
-- ----------------------------
DROP TABLE "INFOPUB"."SYS_MENU";
CREATE TABLE "INFOPUB"."SYS_MENU" (
"ID" VARCHAR2(64 BYTE) NOT NULL ,
"MENU_NAME" VARCHAR2(50 BYTE) DEFAULT NULL  NULL ,
"MENU_TYPE" NUMBER(1) DEFAULT '2'  NULL ,
"PARENT_ID" VARCHAR2(64 BYTE) DEFAULT NULL  NULL ,
"ICONCLS_" VARCHAR2(50 BYTE) DEFAULT NULL  NULL ,
"REQUEST_" VARCHAR2(100 BYTE) DEFAULT NULL  NULL ,
"EXPAND_" NUMBER(1) DEFAULT 0  NOT NULL ,
"SORT_NO" NUMBER(2) DEFAULT NULL  NULL ,
"IS_SHOW" NUMBER(1) DEFAULT '1'  NOT NULL ,
"PERMISSION_" VARCHAR2(50 BYTE) DEFAULT NULL  NULL ,
"REMARK_" VARCHAR2(100 BYTE) DEFAULT NULL  NULL ,
"ENABLE_" NUMBER(1) DEFAULT '1'  NULL ,
"CREATE_BY" VARCHAR2(64 BYTE) NOT NULL ,
"CREATE_TIME" DATE NOT NULL ,
"UPDATE_BY" VARCHAR2(64 BYTE) NOT NULL ,
"UPDATE_TIME" DATE NOT NULL 
)
LOGGING
NOCOMPRESS
NOCACHE

;

-- ----------------------------
-- Records of SYS_MENU
-- ----------------------------
INSERT INTO "INFOPUB"."SYS_MENU" VALUES ('20', '机构管理', '1', '0', 'glyphicon glyphicon-th', 'main.pb', '0', '5', '1', 'pb', null, '1', '1', TO_DATE('2016-09-13 14:48:02', 'YYYY-MM-DD HH24:MI:SS'), '1', TO_DATE('2016-09-13 14:48:02', 'YYYY-MM-DD HH24:MI:SS'));
INSERT INTO "INFOPUB"."SYS_MENU" VALUES ('22', '机构用户管理', '1', '20', 'glyphicon glyphicon-user', 'main.pb.user.list', '0', '2', '1', 'pb.user', null, '1', '1', TO_DATE('2016-09-13 14:48:02', 'YYYY-MM-DD HH24:MI:SS'), '1', TO_DATE('2016-09-13 14:48:02', 'YYYY-MM-DD HH24:MI:SS'));
INSERT INTO "INFOPUB"."SYS_MENU" VALUES ('21', '机构公司管理', '1', '20', 'glyphicon glyphicon-bookmark', 'main.pb.company.list', '0', '1', '1', 'pb.company', null, '1', '1', TO_DATE('2016-09-13 14:48:02', 'YYYY-MM-DD HH24:MI:SS'), '1', TO_DATE('2016-09-13 14:48:02', 'YYYY-MM-DD HH24:MI:SS'));
INSERT INTO "INFOPUB"."SYS_MENU" VALUES ('1', '系统管理', '1', '0', 'glyphicon glyphicon-cog', 'main.sys', '0', '1', '1', 'sys', null, '1', '1', TO_DATE('2016-06-20 09:16:56', 'YYYY-MM-DD HH24:MI:SS'), '1', TO_DATE('2016-06-29 08:19:19', 'YYYY-MM-DD HH24:MI:SS'));
INSERT INTO "INFOPUB"."SYS_MENU" VALUES ('2', '运营人员管理', '1', '1', 'glyphicon glyphicon-user', 'main.sys.user.list', '0', '1', '1', 'sys.user', null, '1', '1', TO_DATE('2016-06-20 09:16:56', 'YYYY-MM-DD HH24:MI:SS'), '1', TO_DATE('2016-06-29 08:38:35', 'YYYY-MM-DD HH24:MI:SS'));
INSERT INTO "INFOPUB"."SYS_MENU" VALUES ('3', '运营部门管理', '1', '1', 'glyphicon glyphicon-flag', 'main.sys.dept.list', '0', '2', '1', 'sys.dept', null, '1', '1', TO_DATE('2016-06-20 09:16:56', 'YYYY-MM-DD HH24:MI:SS'), '1', TO_DATE('2016-06-28 18:07:43', 'YYYY-MM-DD HH24:MI:SS'));
INSERT INTO "INFOPUB"."SYS_MENU" VALUES ('4', '菜单管理', '1', '1', 'glyphicon glyphicon-list', 'main.sys.menu.list', '0', '3', '1', 'sys.menu', null, '1', '1', TO_DATE('2016-06-20 09:16:56', 'YYYY-MM-DD HH24:MI:SS'), '1', TO_DATE('2016-06-28 18:07:45', 'YYYY-MM-DD HH24:MI:SS'));
INSERT INTO "INFOPUB"."SYS_MENU" VALUES ('5', '角色管理', '1', '1', 'glyphicon glyphicon-tags', 'main.sys.role.list', '0', '4', '1', 'sys.role', null, '1', '1', TO_DATE('2016-06-20 09:16:56', 'YYYY-MM-DD HH24:MI:SS'), '1', TO_DATE('2016-06-28 18:07:47', 'YYYY-MM-DD HH24:MI:SS'));
INSERT INTO "INFOPUB"."SYS_MENU" VALUES ('6', '会话管理', '1', '1', 'glyphicon glyphicon-earphone', 'main.sys.session.list', '0', '6', '1', 'sys.session', null, '1', '1', TO_DATE('2016-06-20 09:16:56', 'YYYY-MM-DD HH24:MI:SS'), '1', TO_DATE('2016-06-28 18:07:49', 'YYYY-MM-DD HH24:MI:SS'));
INSERT INTO "INFOPUB"."SYS_MENU" VALUES ('7', '字典管理', '1', '1', 'glyphicon glyphicon-book', 'main.sys.dic.list', '0', '7', '1', 'sys.dic', null, '1', '1', TO_DATE('2016-06-20 09:16:56', 'YYYY-MM-DD HH24:MI:SS'), '1', TO_DATE('2016-06-28 18:07:50', 'YYYY-MM-DD HH24:MI:SS'));
INSERT INTO "INFOPUB"."SYS_MENU" VALUES ('8', '日志管理', '1', '1', 'glyphicon glyphicon-wrench', 'main.sys.event.list', '0', '8', '1', 'sys.event', null, '1', '1', TO_DATE('2016-06-20 09:16:56', 'YYYY-MM-DD HH24:MI:SS'), '1', TO_DATE('2016-06-28 18:07:52', 'YYYY-MM-DD HH24:MI:SS'));
INSERT INTO "INFOPUB"."SYS_MENU" VALUES ('32', '静态资源管理', '1', '1', 'glyphicon glyphicon-wrench', 'main.sys.sysResource.list', '0', '5', '1', 'sys.sysResource', null, '1', '1', TO_DATE('2016-06-20 00:00:00', 'YYYY-MM-DD HH24:MI:SS'), '1', TO_DATE('2016-06-28 00:00:00', 'YYYY-MM-DD HH24:MI:SS'));

-- ----------------------------
-- Table structure for SYS_PARAM
-- ----------------------------
DROP TABLE "INFOPUB"."SYS_PARAM";
CREATE TABLE "INFOPUB"."SYS_PARAM" (
"ID" VARCHAR2(64 BYTE) NOT NULL ,
"PARAM_KEY" VARCHAR2(50 BYTE) DEFAULT NULL  NULL ,
"PARAM_VALUE" VARCHAR2(100 BYTE) DEFAULT NULL  NULL ,
"CATALOG_ID" VARCHAR2(64 BYTE) DEFAULT NULL  NULL ,
"REMARK_" VARCHAR2(100 BYTE) DEFAULT NULL  NULL ,
"ENABLE_" NUMBER(1) DEFAULT '1'  NULL ,
"CREATE_BY" VARCHAR2(64 BYTE) NOT NULL ,
"CREATE_TIME" DATE NOT NULL ,
"UPDATE_BY" VARCHAR2(64 BYTE) NOT NULL ,
"UPDATE_TIME" DATE NOT NULL 
)
LOGGING
NOCOMPRESS
NOCACHE

;

-- ----------------------------
-- Records of SYS_PARAM
-- ----------------------------

-- ----------------------------
-- Table structure for SYS_RESOURCE
-- ----------------------------
DROP TABLE "INFOPUB"."SYS_RESOURCE";
CREATE TABLE "INFOPUB"."SYS_RESOURCE" (
"ID" VARCHAR2(32 BYTE) NOT NULL ,
"RESOURCE_NAME" VARCHAR2(128 BYTE) NOT NULL ,
"RESOURCE_PATH" VARCHAR2(1024 BYTE) NOT NULL ,
"RESOURCE_TYPE" VARCHAR2(4 BYTE) NOT NULL ,
"RESOURCE_FILE" VARCHAR2(128 BYTE) NOT NULL ,
"CREATE_TIME" TIMESTAMP(6)  NOT NULL ,
"CREATE_BY" VARCHAR2(32 BYTE) NOT NULL ,
"UPDATE_TIME" TIMESTAMP(6)  NOT NULL ,
"UPDATE_BY" VARCHAR2(32 BYTE) NOT NULL 
)
LOGGING
NOCOMPRESS
NOCACHE

;
COMMENT ON COLUMN "INFOPUB"."SYS_RESOURCE"."ID" IS '资源编号';
COMMENT ON COLUMN "INFOPUB"."SYS_RESOURCE"."RESOURCE_NAME" IS '资源名称';
COMMENT ON COLUMN "INFOPUB"."SYS_RESOURCE"."RESOURCE_PATH" IS '资源路径';
COMMENT ON COLUMN "INFOPUB"."SYS_RESOURCE"."RESOURCE_TYPE" IS '资源类型';
COMMENT ON COLUMN "INFOPUB"."SYS_RESOURCE"."RESOURCE_FILE" IS '资源文件名称';
COMMENT ON COLUMN "INFOPUB"."SYS_RESOURCE"."CREATE_TIME" IS '创建时间';
COMMENT ON COLUMN "INFOPUB"."SYS_RESOURCE"."CREATE_BY" IS '创建人';
COMMENT ON COLUMN "INFOPUB"."SYS_RESOURCE"."UPDATE_TIME" IS '更新时间';
COMMENT ON COLUMN "INFOPUB"."SYS_RESOURCE"."UPDATE_BY" IS '更新人';

-- ----------------------------
-- Records of SYS_RESOURCE
-- ----------------------------
INSERT INTO "INFOPUB"."SYS_RESOURCE" VALUES ('2017030917273380200005', 'kuo', '111222333', '1', 'fad', TO_TIMESTAMP(' 2017-03-09 17:27:33:803000', 'YYYY-MM-DD HH24:MI:SS:FF6'), '2016102409521899200003', TO_TIMESTAMP(' 2017-03-09 17:28:06:214000', 'YYYY-MM-DD HH24:MI:SS:FF6'), '2016102409521899200003');
INSERT INTO "INFOPUB"."SYS_RESOURCE" VALUES ('2017011913215272500003', '综合服务大图', '/home/tfpb/tfpb-UI/images/', '0', 'page_banner.png', TO_TIMESTAMP(' 2017-01-19 15:28:21:000000', 'YYYY-MM-DD HH24:MI:SS:FF6'), '1', TO_TIMESTAMP(' 2017-01-19 15:28:21:000000', 'YYYY-MM-DD HH24:MI:SS:FF6'), '1');
INSERT INTO "INFOPUB"."SYS_RESOURCE" VALUES ('2017011913245849400004', '服务公告大图', '/home/tfpb/tfpb-UI/images/', '0', 'fengxingguanjia.jpg', TO_TIMESTAMP(' 2017-01-19 15:28:21:000000', 'YYYY-MM-DD HH24:MI:SS:FF6'), '1', TO_TIMESTAMP(' 2017-01-19 15:28:21:000000', 'YYYY-MM-DD HH24:MI:SS:FF6'), '1');
INSERT INTO "INFOPUB"."SYS_RESOURCE" VALUES ('2017011913301327100005', '关于我们大图', '/home/tfpb/tfpb-UI/images/', '0', 'about.jpg', TO_TIMESTAMP(' 2017-01-19 15:28:21:000000', 'YYYY-MM-DD HH24:MI:SS:FF6'), '1', TO_TIMESTAMP(' 2017-01-19 15:28:21:000000', 'YYYY-MM-DD HH24:MI:SS:FF6'), '1');
INSERT INTO "INFOPUB"."SYS_RESOURCE" VALUES ('2017011913311856800006', '登录页面大图', '/home/tfpb/tfpb-UI/images/', '0', 'loginimg.png', TO_TIMESTAMP(' 2017-01-19 15:28:21:000000', 'YYYY-MM-DD HH24:MI:SS:FF6'), '1', TO_TIMESTAMP(' 2017-02-23 15:40:27:081000', 'YYYY-MM-DD HH24:MI:SS:FF6'), '1');
INSERT INTO "INFOPUB"."SYS_RESOURCE" VALUES ('2017011813371985300001', '首页轮播图1', '/home/tfpb/tfpb-UI/images/', '0', 'pbbanner0.png', TO_TIMESTAMP(' 2017-01-19 15:28:21:000000', 'YYYY-MM-DD HH24:MI:SS:FF6'), '1', TO_TIMESTAMP(' 2017-03-10 14:17:19:346000', 'YYYY-MM-DD HH24:MI:SS:FF6'), '1');
INSERT INTO "INFOPUB"."SYS_RESOURCE" VALUES ('2017011813380775100002', '首页轮播图2', '/home/tfpb/tfpb-UI/images/', '0', 'pbbanner1.png', TO_TIMESTAMP(' 2017-01-19 15:28:21:000000', 'YYYY-MM-DD HH24:MI:SS:FF6'), '1', TO_TIMESTAMP(' 2017-01-19 15:28:21:000000', 'YYYY-MM-DD HH24:MI:SS:FF6'), '1');

-- ----------------------------
-- Table structure for SYS_ROLE
-- ----------------------------
DROP TABLE "INFOPUB"."SYS_ROLE";
CREATE TABLE "INFOPUB"."SYS_ROLE" (
"ID" VARCHAR2(64 BYTE) NOT NULL ,
"ROLE_NAME" VARCHAR2(50 BYTE) DEFAULT NULL  NULL ,
"DEPT_ID" VARCHAR2(64 BYTE) DEFAULT NULL  NULL ,
"ROLE_TYPE" NUMBER(1) DEFAULT '1'  NOT NULL ,
"ENABLE_" NUMBER(1) DEFAULT '1'  NOT NULL ,
"REMARK_" VARCHAR2(100 BYTE) DEFAULT NULL  NULL ,
"CREATE_BY" VARCHAR2(64 BYTE) NOT NULL ,
"CREATE_TIME" DATE NOT NULL ,
"UPDATE_BY" VARCHAR2(64 BYTE) NOT NULL ,
"UPDATE_TIME" DATE NOT NULL ,
"ROLE_CODE" VARCHAR2(32 BYTE) DEFAULT ''  NOT NULL 
)
LOGGING
NOCOMPRESS
NOCACHE

;

-- ----------------------------
-- Records of SYS_ROLE
-- ----------------------------
INSERT INTO "INFOPUB"."SYS_ROLE" VALUES ('编号01', '角色名称', null, '0', '1', null, '1', TO_DATE('2017-03-17 14:10:54', 'YYYY-MM-DD HH24:MI:SS'), '1', TO_DATE('2017-03-20 15:34:38', 'YYYY-MM-DD HH24:MI:SS'), '编号01');
INSERT INTO "INFOPUB"."SYS_ROLE" VALUES ('007', '超人厉害', null, '0', '1', null, '2016102409521899200003', TO_DATE('2017-03-23 13:41:09', 'YYYY-MM-DD HH24:MI:SS'), '2016102409521899200003', TO_DATE('2017-03-23 13:41:28', 'YYYY-MM-DD HH24:MI:SS'), '007');
INSERT INTO "INFOPUB"."SYS_ROLE" VALUES ('leader', '托管部门领导', null, '0', '1', null, '1', TO_DATE('2016-12-05 11:24:49', 'YYYY-MM-DD HH24:MI:SS'), '1', TO_DATE('2017-01-09 09:53:36', 'YYYY-MM-DD HH24:MI:SS'), 'leader');
INSERT INTO "INFOPUB"."SYS_ROLE" VALUES ('hr', '合规领导', null, '0', '1', null, '2016102409573771200004', TO_DATE('2016-10-27 18:42:56', 'YYYY-MM-DD HH24:MI:SS'), '1', TO_DATE('2017-01-09 09:53:58', 'YYYY-MM-DD HH24:MI:SS'), 'hr');
INSERT INTO "INFOPUB"."SYS_ROLE" VALUES ('gzfs', '估值复审', null, '0', '1', null, '2016102409453612600001', TO_DATE('2017-03-28 11:41:29', 'YYYY-MM-DD HH24:MI:SS'), '2016102409453612600001', TO_DATE('2017-03-28 11:41:29', 'YYYY-MM-DD HH24:MI:SS'), 'gzfs');
INSERT INTO "INFOPUB"."SYS_ROLE" VALUES ('superadmin', '系统管理', null, '0', '1', null, '1', TO_DATE('2016-12-05 11:24:49', 'YYYY-MM-DD HH24:MI:SS'), '1', TO_DATE('2017-03-22 13:39:59', 'YYYY-MM-DD HH24:MI:SS'), 'superadmin');
INSERT INTO "INFOPUB"."SYS_ROLE" VALUES ('12', '12', null, '0', '1', null, '2016102409453612600001', TO_DATE('2016-10-24 15:32:37', 'YYYY-MM-DD HH24:MI:SS'), '2016102409521899200003', TO_DATE('2016-10-31 16:30:28', 'YYYY-MM-DD HH24:MI:SS'), '12');
INSERT INTO "INFOPUB"."SYS_ROLE" VALUES ('orgmng', '机构管理用户', null, '0', '1', null, '1', TO_DATE('2016-10-24 10:07:17', 'YYYY-MM-DD HH24:MI:SS'), '1', TO_DATE('2016-10-24 10:07:17', 'YYYY-MM-DD HH24:MI:SS'), 'orgmng');
INSERT INTO "INFOPUB"."SYS_ROLE" VALUES ('msgmng', '消息管理用户', null, '0', '1', null, '1', TO_DATE('2016-10-24 10:07:31', 'YYYY-MM-DD HH24:MI:SS'), '1', TO_DATE('2016-10-24 10:07:31', 'YYYY-MM-DD HH24:MI:SS'), 'msgmng');
INSERT INTO "INFOPUB"."SYS_ROLE" VALUES ('sysmng', '系统管理员', '1', '1', '1', null, '1', TO_DATE('2016-06-20 09:16:56', 'YYYY-MM-DD HH24:MI:SS'), '1', TO_DATE('2017-03-22 13:39:54', 'YYYY-MM-DD HH24:MI:SS'), 'sysmng');
INSERT INTO "INFOPUB"."SYS_ROLE" VALUES ('flowmng', '流程管理员', null, '0', '1', null, '2016102409521899200003', TO_DATE('2016-10-24 13:35:40', 'YYYY-MM-DD HH24:MI:SS'), '1', TO_DATE('2017-03-22 13:42:18', 'YYYY-MM-DD HH24:MI:SS'), 'flowmng');
INSERT INTO "INFOPUB"."SYS_ROLE" VALUES ('963', '记录人员', null, '0', '1', null, '2016102409521899200003', TO_DATE('2016-10-31 16:30:36', 'YYYY-MM-DD HH24:MI:SS'), '2016102409521899200003', TO_DATE('2017-03-09 16:54:00', 'YYYY-MM-DD HH24:MI:SS'), '963');
INSERT INTO "INFOPUB"."SYS_ROLE" VALUES ('rolmng', '角色名称', null, '0', '1', null, '2016102409573771200004', TO_DATE('2016-10-27 18:42:56', 'YYYY-MM-DD HH24:MI:SS'), '1', TO_DATE('2017-03-22 13:40:05', 'YYYY-MM-DD HH24:MI:SS'), 'rolmng');
INSERT INTO "INFOPUB"."SYS_ROLE" VALUES ('111', '入驻管理', null, '0', '1', null, '2016102409453612600001', TO_DATE('2016-10-24 15:04:08', 'YYYY-MM-DD HH24:MI:SS'), '1', TO_DATE('2017-03-10 14:07:08', 'YYYY-MM-DD HH24:MI:SS'), '111');
INSERT INTO "INFOPUB"."SYS_ROLE" VALUES ('12345', '123456789012345', null, '0', '1', null, '2016102409573771200004', TO_DATE('2016-10-24 20:05:07', 'YYYY-MM-DD HH24:MI:SS'), '1', TO_DATE('2017-03-22 12:31:27', 'YYYY-MM-DD HH24:MI:SS'), '12345');
INSERT INTO "INFOPUB"."SYS_ROLE" VALUES ('入驻管理', '入驻管理', null, '0', '1', null, '1', TO_DATE('2017-03-03 15:09:34', 'YYYY-MM-DD HH24:MI:SS'), '1', TO_DATE('2017-03-20 15:33:00', 'YYYY-MM-DD HH24:MI:SS'), '入驻管理');
INSERT INTO "INFOPUB"."SYS_ROLE" VALUES ('02编码', '角色名称03', null, '0', '1', null, '1', TO_DATE('2017-03-20 15:35:25', 'YYYY-MM-DD HH24:MI:SS'), '1', TO_DATE('2017-03-20 15:41:26', 'YYYY-MM-DD HH24:MI:SS'), '02编码');
INSERT INTO "INFOPUB"."SYS_ROLE" VALUES ('test', '测试角色', null, '0', '1', null, '1', TO_DATE('2017-03-22 13:42:49', 'YYYY-MM-DD HH24:MI:SS'), '1', TO_DATE('2017-03-22 13:44:07', 'YYYY-MM-DD HH24:MI:SS'), 'test');
INSERT INTO "INFOPUB"."SYS_ROLE" VALUES ('test01', '角色1', null, '0', '1', null, '1', TO_DATE('2017-03-22 14:03:24', 'YYYY-MM-DD HH24:MI:SS'), '1', TO_DATE('2017-03-22 14:03:24', 'YYYY-MM-DD HH24:MI:SS'), 'test01');
INSERT INTO "INFOPUB"."SYS_ROLE" VALUES ('htgcs', '合同岗初审', null, '0', '1', null, '2016102409453612600001', TO_DATE('2017-03-28 10:14:08', 'YYYY-MM-DD HH24:MI:SS'), '2016102409453612600001', TO_DATE('2017-03-28 10:14:08', 'YYYY-MM-DD HH24:MI:SS'), 'htgcs');
INSERT INTO "INFOPUB"."SYS_ROLE" VALUES ('tafs', 'TA复审', null, '0', '1', null, '2016102409453612600001', TO_DATE('2017-03-28 10:14:35', 'YYYY-MM-DD HH24:MI:SS'), '2016102409453612600001', TO_DATE('2017-03-28 10:14:35', 'YYYY-MM-DD HH24:MI:SS'), 'tafs');
INSERT INTO "INFOPUB"."SYS_ROLE" VALUES ('htgzs', '合同岗终审', null, '0', '1', null, '2016102409453612600001', TO_DATE('2017-03-28 10:15:05', 'YYYY-MM-DD HH24:MI:SS'), '2016102409453612600001', TO_DATE('2017-03-28 10:15:05', 'YYYY-MM-DD HH24:MI:SS'), 'htgzs');

-- ----------------------------
-- Table structure for SYS_ROLE_MENU
-- ----------------------------
DROP TABLE "INFOPUB"."SYS_ROLE_MENU";
CREATE TABLE "INFOPUB"."SYS_ROLE_MENU" (
"ROLE_ID" VARCHAR2(64 BYTE) NOT NULL ,
"MENU_ID" VARCHAR2(64 BYTE) NOT NULL ,
"PERMISSION_" VARCHAR2(50 BYTE) NOT NULL ,
"ENABLE_" NUMBER(1) DEFAULT '1'  NULL ,
"REMARK_" VARCHAR2(1000 BYTE) DEFAULT NULL  NULL ,
"CREATE_BY" VARCHAR2(64 BYTE) NOT NULL ,
"CREATE_TIME" DATE NOT NULL ,
"UPDATE_BY" VARCHAR2(64 BYTE) NOT NULL ,
"UPDATE_TIME" DATE NOT NULL 
)
LOGGING
NOCOMPRESS
NOCACHE

;

-- ----------------------------
-- Records of SYS_ROLE_MENU
-- ----------------------------
INSERT INTO "INFOPUB"."SYS_ROLE_MENU" VALUES ('007', '2', '*', null, null, '2016102409521899200003', TO_DATE('2017-03-23 14:08:03', 'YYYY-MM-DD HH24:MI:SS'), '2016102409521899200003', TO_DATE('2017-03-23 14:08:03', 'YYYY-MM-DD HH24:MI:SS'));
INSERT INTO "INFOPUB"."SYS_ROLE_MENU" VALUES ('007', '3', '*', null, null, '2016102409521899200003', TO_DATE('2017-03-23 14:08:03', 'YYYY-MM-DD HH24:MI:SS'), '2016102409521899200003', TO_DATE('2017-03-23 14:08:03', 'YYYY-MM-DD HH24:MI:SS'));
INSERT INTO "INFOPUB"."SYS_ROLE_MENU" VALUES ('007', '4', '*', null, null, '2016102409521899200003', TO_DATE('2017-03-23 14:08:03', 'YYYY-MM-DD HH24:MI:SS'), '2016102409521899200003', TO_DATE('2017-03-23 14:08:03', 'YYYY-MM-DD HH24:MI:SS'));
INSERT INTO "INFOPUB"."SYS_ROLE_MENU" VALUES ('007', '5', '*', null, null, '2016102409521899200003', TO_DATE('2017-03-23 14:08:03', 'YYYY-MM-DD HH24:MI:SS'), '2016102409521899200003', TO_DATE('2017-03-23 14:08:03', 'YYYY-MM-DD HH24:MI:SS'));
INSERT INTO "INFOPUB"."SYS_ROLE_MENU" VALUES ('flowmng', '18', '*', null, null, '2017032313224343700003', TO_DATE('2017-03-23 14:07:00', 'YYYY-MM-DD HH24:MI:SS'), '2017032313224343700003', TO_DATE('2017-03-23 14:07:00', 'YYYY-MM-DD HH24:MI:SS'));
INSERT INTO "INFOPUB"."SYS_ROLE_MENU" VALUES ('flowmng', '1', '*', null, null, '2017032313224343700003', TO_DATE('2017-03-23 14:07:00', 'YYYY-MM-DD HH24:MI:SS'), '2017032313224343700003', TO_DATE('2017-03-23 14:07:00', 'YYYY-MM-DD HH24:MI:SS'));
INSERT INTO "INFOPUB"."SYS_ROLE_MENU" VALUES ('007', '6', '*', null, null, '2016102409521899200003', TO_DATE('2017-03-23 14:08:03', 'YYYY-MM-DD HH24:MI:SS'), '2016102409521899200003', TO_DATE('2017-03-23 14:08:03', 'YYYY-MM-DD HH24:MI:SS'));
INSERT INTO "INFOPUB"."SYS_ROLE_MENU" VALUES ('007', '7', '*', null, null, '2016102409521899200003', TO_DATE('2017-03-23 14:08:03', 'YYYY-MM-DD HH24:MI:SS'), '2016102409521899200003', TO_DATE('2017-03-23 14:08:03', 'YYYY-MM-DD HH24:MI:SS'));
INSERT INTO "INFOPUB"."SYS_ROLE_MENU" VALUES ('007', '8', '*', null, null, '2016102409521899200003', TO_DATE('2017-03-23 14:08:03', 'YYYY-MM-DD HH24:MI:SS'), '2016102409521899200003', TO_DATE('2017-03-23 14:08:03', 'YYYY-MM-DD HH24:MI:SS'));
INSERT INTO "INFOPUB"."SYS_ROLE_MENU" VALUES ('007', '30', '*', null, null, '2016102409521899200003', TO_DATE('2017-03-23 14:08:03', 'YYYY-MM-DD HH24:MI:SS'), '2016102409521899200003', TO_DATE('2017-03-23 14:08:03', 'YYYY-MM-DD HH24:MI:SS'));
INSERT INTO "INFOPUB"."SYS_ROLE_MENU" VALUES ('007', '32', '*', null, null, '2016102409521899200003', TO_DATE('2017-03-23 14:08:03', 'YYYY-MM-DD HH24:MI:SS'), '2016102409521899200003', TO_DATE('2017-03-23 14:08:03', 'YYYY-MM-DD HH24:MI:SS'));
INSERT INTO "INFOPUB"."SYS_ROLE_MENU" VALUES ('007', '31', '*', null, null, '2016102409521899200003', TO_DATE('2017-03-23 14:08:03', 'YYYY-MM-DD HH24:MI:SS'), '2016102409521899200003', TO_DATE('2017-03-23 14:08:03', 'YYYY-MM-DD HH24:MI:SS'));
INSERT INTO "INFOPUB"."SYS_ROLE_MENU" VALUES ('007', '28', '*', null, null, '2016102409521899200003', TO_DATE('2017-03-23 14:08:03', 'YYYY-MM-DD HH24:MI:SS'), '2016102409521899200003', TO_DATE('2017-03-23 14:08:03', 'YYYY-MM-DD HH24:MI:SS'));
INSERT INTO "INFOPUB"."SYS_ROLE_MENU" VALUES ('007', '35', '*', null, null, '2016102409521899200003', TO_DATE('2017-03-23 14:08:03', 'YYYY-MM-DD HH24:MI:SS'), '2016102409521899200003', TO_DATE('2017-03-23 14:08:03', 'YYYY-MM-DD HH24:MI:SS'));
INSERT INTO "INFOPUB"."SYS_ROLE_MENU" VALUES ('007', '34', '*', null, null, '2016102409521899200003', TO_DATE('2017-03-23 14:08:03', 'YYYY-MM-DD HH24:MI:SS'), '2016102409521899200003', TO_DATE('2017-03-23 14:08:03', 'YYYY-MM-DD HH24:MI:SS'));
INSERT INTO "INFOPUB"."SYS_ROLE_MENU" VALUES ('007', '37', '*', null, null, '2016102409521899200003', TO_DATE('2017-03-23 14:08:03', 'YYYY-MM-DD HH24:MI:SS'), '2016102409521899200003', TO_DATE('2017-03-23 14:08:03', 'YYYY-MM-DD HH24:MI:SS'));
INSERT INTO "INFOPUB"."SYS_ROLE_MENU" VALUES ('007', '18', '*', null, null, '2016102409521899200003', TO_DATE('2017-03-23 14:08:03', 'YYYY-MM-DD HH24:MI:SS'), '2016102409521899200003', TO_DATE('2017-03-23 14:08:03', 'YYYY-MM-DD HH24:MI:SS'));
INSERT INTO "INFOPUB"."SYS_ROLE_MENU" VALUES ('007', '19', '*', null, null, '2016102409521899200003', TO_DATE('2017-03-23 14:08:03', 'YYYY-MM-DD HH24:MI:SS'), '2016102409521899200003', TO_DATE('2017-03-23 14:08:03', 'YYYY-MM-DD HH24:MI:SS'));
INSERT INTO "INFOPUB"."SYS_ROLE_MENU" VALUES ('12345', '19', '*', null, null, '2016102409521899200003', TO_DATE('2017-03-09 16:56:06', 'YYYY-MM-DD HH24:MI:SS'), '2016102409521899200003', TO_DATE('2017-03-09 16:56:06', 'YYYY-MM-DD HH24:MI:SS'));
INSERT INTO "INFOPUB"."SYS_ROLE_MENU" VALUES ('12345', '20', '*', null, null, '2016102409521899200003', TO_DATE('2017-03-09 16:56:06', 'YYYY-MM-DD HH24:MI:SS'), '2016102409521899200003', TO_DATE('2017-03-09 16:56:06', 'YYYY-MM-DD HH24:MI:SS'));
INSERT INTO "INFOPUB"."SYS_ROLE_MENU" VALUES ('12345', '24', '*', null, null, '2016102409521899200003', TO_DATE('2017-03-09 16:56:06', 'YYYY-MM-DD HH24:MI:SS'), '2016102409521899200003', TO_DATE('2017-03-09 16:56:06', 'YYYY-MM-DD HH24:MI:SS'));
INSERT INTO "INFOPUB"."SYS_ROLE_MENU" VALUES ('12345', '25', '*', null, null, '2016102409521899200003', TO_DATE('2017-03-09 16:56:06', 'YYYY-MM-DD HH24:MI:SS'), '2016102409521899200003', TO_DATE('2017-03-09 16:56:06', 'YYYY-MM-DD HH24:MI:SS'));
INSERT INTO "INFOPUB"."SYS_ROLE_MENU" VALUES ('12345', '26', '*', null, null, '2016102409521899200003', TO_DATE('2017-03-09 16:56:06', 'YYYY-MM-DD HH24:MI:SS'), '2016102409521899200003', TO_DATE('2017-03-09 16:56:06', 'YYYY-MM-DD HH24:MI:SS'));
INSERT INTO "INFOPUB"."SYS_ROLE_MENU" VALUES ('12345', '29', '*', null, null, '2016102409521899200003', TO_DATE('2017-03-09 16:56:06', 'YYYY-MM-DD HH24:MI:SS'), '2016102409521899200003', TO_DATE('2017-03-09 16:56:06', 'YYYY-MM-DD HH24:MI:SS'));
INSERT INTO "INFOPUB"."SYS_ROLE_MENU" VALUES ('12345', '18', '*', null, null, '2016102409521899200003', TO_DATE('2017-03-09 16:56:06', 'YYYY-MM-DD HH24:MI:SS'), '2016102409521899200003', TO_DATE('2017-03-09 16:56:06', 'YYYY-MM-DD HH24:MI:SS'));
INSERT INTO "INFOPUB"."SYS_ROLE_MENU" VALUES ('12345', '28', '*', null, null, '2016102409521899200003', TO_DATE('2017-03-09 16:56:06', 'YYYY-MM-DD HH24:MI:SS'), '2016102409521899200003', TO_DATE('2017-03-09 16:56:06', 'YYYY-MM-DD HH24:MI:SS'));
INSERT INTO "INFOPUB"."SYS_ROLE_MENU" VALUES ('12345', '32', '*', null, null, '2016102409521899200003', TO_DATE('2017-03-09 16:56:06', 'YYYY-MM-DD HH24:MI:SS'), '2016102409521899200003', TO_DATE('2017-03-09 16:56:06', 'YYYY-MM-DD HH24:MI:SS'));
INSERT INTO "INFOPUB"."SYS_ROLE_MENU" VALUES ('superadmin', '3', '*', null, null, '1', TO_DATE('2016-12-05 11:30:32', 'YYYY-MM-DD HH24:MI:SS'), '1', TO_DATE('2016-12-05 11:30:32', 'YYYY-MM-DD HH24:MI:SS'));
INSERT INTO "INFOPUB"."SYS_ROLE_MENU" VALUES ('superadmin', '1', '*', null, null, '1', TO_DATE('2016-12-05 11:30:32', 'YYYY-MM-DD HH24:MI:SS'), '1', TO_DATE('2016-12-05 11:30:32', 'YYYY-MM-DD HH24:MI:SS'));
INSERT INTO "INFOPUB"."SYS_ROLE_MENU" VALUES ('superadmin', '2', '*', null, null, '1', TO_DATE('2016-12-05 11:30:32', 'YYYY-MM-DD HH24:MI:SS'), '1', TO_DATE('2016-12-05 11:30:32', 'YYYY-MM-DD HH24:MI:SS'));
INSERT INTO "INFOPUB"."SYS_ROLE_MENU" VALUES ('superadmin', '4', '*', null, null, '1', TO_DATE('2016-12-05 11:30:32', 'YYYY-MM-DD HH24:MI:SS'), '1', TO_DATE('2016-12-05 11:30:32', 'YYYY-MM-DD HH24:MI:SS'));
INSERT INTO "INFOPUB"."SYS_ROLE_MENU" VALUES ('superadmin', '8', '*', null, null, '1', TO_DATE('2016-12-05 11:30:32', 'YYYY-MM-DD HH24:MI:SS'), '1', TO_DATE('2016-12-05 11:30:32', 'YYYY-MM-DD HH24:MI:SS'));
INSERT INTO "INFOPUB"."SYS_ROLE_MENU" VALUES ('superadmin', '28', '*', null, null, '1', TO_DATE('2016-12-05 11:30:32', 'YYYY-MM-DD HH24:MI:SS'), '1', TO_DATE('2016-12-05 11:30:32', 'YYYY-MM-DD HH24:MI:SS'));
INSERT INTO "INFOPUB"."SYS_ROLE_MENU" VALUES ('编号01', '2', '*', null, null, '1', TO_DATE('2017-03-17 14:12:10', 'YYYY-MM-DD HH24:MI:SS'), '1', TO_DATE('2017-03-17 14:12:10', 'YYYY-MM-DD HH24:MI:SS'));
INSERT INTO "INFOPUB"."SYS_ROLE_MENU" VALUES ('编号01', '3', '*', null, null, '1', TO_DATE('2017-03-17 14:12:10', 'YYYY-MM-DD HH24:MI:SS'), '1', TO_DATE('2017-03-17 14:12:10', 'YYYY-MM-DD HH24:MI:SS'));
INSERT INTO "INFOPUB"."SYS_ROLE_MENU" VALUES ('编号01', '4', '*', null, null, '1', TO_DATE('2017-03-17 14:12:10', 'YYYY-MM-DD HH24:MI:SS'), '1', TO_DATE('2017-03-17 14:12:10', 'YYYY-MM-DD HH24:MI:SS'));
INSERT INTO "INFOPUB"."SYS_ROLE_MENU" VALUES ('编号01', '5', '*', null, null, '1', TO_DATE('2017-03-17 14:12:10', 'YYYY-MM-DD HH24:MI:SS'), '1', TO_DATE('2017-03-17 14:12:10', 'YYYY-MM-DD HH24:MI:SS'));
INSERT INTO "INFOPUB"."SYS_ROLE_MENU" VALUES ('编号01', '6', '*', null, null, '1', TO_DATE('2017-03-17 14:12:10', 'YYYY-MM-DD HH24:MI:SS'), '1', TO_DATE('2017-03-17 14:12:10', 'YYYY-MM-DD HH24:MI:SS'));
INSERT INTO "INFOPUB"."SYS_ROLE_MENU" VALUES ('编号01', '7', '*', null, null, '1', TO_DATE('2017-03-17 14:12:10', 'YYYY-MM-DD HH24:MI:SS'), '1', TO_DATE('2017-03-17 14:12:10', 'YYYY-MM-DD HH24:MI:SS'));
INSERT INTO "INFOPUB"."SYS_ROLE_MENU" VALUES ('编号01', '8', '*', null, null, '1', TO_DATE('2017-03-17 14:12:10', 'YYYY-MM-DD HH24:MI:SS'), '1', TO_DATE('2017-03-17 14:12:10', 'YYYY-MM-DD HH24:MI:SS'));
INSERT INTO "INFOPUB"."SYS_ROLE_MENU" VALUES ('编号01', '32', '*', null, null, '1', TO_DATE('2017-03-17 14:12:10', 'YYYY-MM-DD HH24:MI:SS'), '1', TO_DATE('2017-03-17 14:12:10', 'YYYY-MM-DD HH24:MI:SS'));
INSERT INTO "INFOPUB"."SYS_ROLE_MENU" VALUES ('编号01', '28', '*', null, null, '1', TO_DATE('2017-03-17 14:12:10', 'YYYY-MM-DD HH24:MI:SS'), '1', TO_DATE('2017-03-17 14:12:10', 'YYYY-MM-DD HH24:MI:SS'));
INSERT INTO "INFOPUB"."SYS_ROLE_MENU" VALUES ('编号01', '34', '*', null, null, '1', TO_DATE('2017-03-17 14:12:10', 'YYYY-MM-DD HH24:MI:SS'), '1', TO_DATE('2017-03-17 14:12:10', 'YYYY-MM-DD HH24:MI:SS'));
INSERT INTO "INFOPUB"."SYS_ROLE_MENU" VALUES ('编号01', '35', '*', null, null, '1', TO_DATE('2017-03-17 14:12:10', 'YYYY-MM-DD HH24:MI:SS'), '1', TO_DATE('2017-03-17 14:12:10', 'YYYY-MM-DD HH24:MI:SS'));
INSERT INTO "INFOPUB"."SYS_ROLE_MENU" VALUES ('编号01', '36', '*', null, null, '1', TO_DATE('2017-03-17 14:12:10', 'YYYY-MM-DD HH24:MI:SS'), '1', TO_DATE('2017-03-17 14:12:10', 'YYYY-MM-DD HH24:MI:SS'));
INSERT INTO "INFOPUB"."SYS_ROLE_MENU" VALUES ('编号01', '38', '*', null, null, '1', TO_DATE('2017-03-17 14:12:10', 'YYYY-MM-DD HH24:MI:SS'), '1', TO_DATE('2017-03-17 14:12:10', 'YYYY-MM-DD HH24:MI:SS'));
INSERT INTO "INFOPUB"."SYS_ROLE_MENU" VALUES ('编号01', '39', '*', null, null, '1', TO_DATE('2017-03-17 14:12:10', 'YYYY-MM-DD HH24:MI:SS'), '1', TO_DATE('2017-03-17 14:12:10', 'YYYY-MM-DD HH24:MI:SS'));
INSERT INTO "INFOPUB"."SYS_ROLE_MENU" VALUES ('编号01', '37', '*', null, null, '1', TO_DATE('2017-03-17 14:12:10', 'YYYY-MM-DD HH24:MI:SS'), '1', TO_DATE('2017-03-17 14:12:10', 'YYYY-MM-DD HH24:MI:SS'));
INSERT INTO "INFOPUB"."SYS_ROLE_MENU" VALUES ('编号01', '40', '*', null, null, '1', TO_DATE('2017-03-17 14:12:10', 'YYYY-MM-DD HH24:MI:SS'), '1', TO_DATE('2017-03-17 14:12:10', 'YYYY-MM-DD HH24:MI:SS'));
INSERT INTO "INFOPUB"."SYS_ROLE_MENU" VALUES ('编号01', '41', '*', null, null, '1', TO_DATE('2017-03-17 14:12:10', 'YYYY-MM-DD HH24:MI:SS'), '1', TO_DATE('2017-03-17 14:12:10', 'YYYY-MM-DD HH24:MI:SS'));
INSERT INTO "INFOPUB"."SYS_ROLE_MENU" VALUES ('msgmng', '26', '*', null, null, '1', TO_DATE('2016-10-25 19:30:20', 'YYYY-MM-DD HH24:MI:SS'), '1', TO_DATE('2016-10-25 19:30:20', 'YYYY-MM-DD HH24:MI:SS'));
INSERT INTO "INFOPUB"."SYS_ROLE_MENU" VALUES ('msgmng', '27', '*', null, null, '1', TO_DATE('2016-10-25 19:30:20', 'YYYY-MM-DD HH24:MI:SS'), '1', TO_DATE('2016-10-25 19:30:20', 'YYYY-MM-DD HH24:MI:SS'));
INSERT INTO "INFOPUB"."SYS_ROLE_MENU" VALUES ('msgmng', '29', '*', null, null, '1', TO_DATE('2016-10-25 19:30:20', 'YYYY-MM-DD HH24:MI:SS'), '1', TO_DATE('2016-10-25 19:30:20', 'YYYY-MM-DD HH24:MI:SS'));
INSERT INTO "INFOPUB"."SYS_ROLE_MENU" VALUES ('111', '18', '*', null, null, '2016102409453612600001', TO_DATE('2016-10-24 15:32:30', 'YYYY-MM-DD HH24:MI:SS'), '2016102409453612600001', TO_DATE('2016-10-24 15:32:30', 'YYYY-MM-DD HH24:MI:SS'));
INSERT INTO "INFOPUB"."SYS_ROLE_MENU" VALUES ('orgmng', '20', '*', null, null, '1', TO_DATE('2016-10-24 10:22:02', 'YYYY-MM-DD HH24:MI:SS'), '1', TO_DATE('2016-10-24 10:22:02', 'YYYY-MM-DD HH24:MI:SS'));
INSERT INTO "INFOPUB"."SYS_ROLE_MENU" VALUES ('orgmng', '19', '*', null, null, '1', TO_DATE('2016-10-24 10:22:02', 'YYYY-MM-DD HH24:MI:SS'), '1', TO_DATE('2016-10-24 10:22:02', 'YYYY-MM-DD HH24:MI:SS'));
INSERT INTO "INFOPUB"."SYS_ROLE_MENU" VALUES ('orgmng', '23', '*', null, null, '1', TO_DATE('2016-10-24 10:22:02', 'YYYY-MM-DD HH24:MI:SS'), '1', TO_DATE('2016-10-24 10:22:02', 'YYYY-MM-DD HH24:MI:SS'));
INSERT INTO "INFOPUB"."SYS_ROLE_MENU" VALUES ('orgmng', '22', '*', null, null, '1', TO_DATE('2016-10-24 10:22:02', 'YYYY-MM-DD HH24:MI:SS'), '1', TO_DATE('2016-10-24 10:22:02', 'YYYY-MM-DD HH24:MI:SS'));
INSERT INTO "INFOPUB"."SYS_ROLE_MENU" VALUES ('orgmng', '21', '*', null, null, '1', TO_DATE('2016-10-24 10:22:02', 'YYYY-MM-DD HH24:MI:SS'), '1', TO_DATE('2016-10-24 10:22:02', 'YYYY-MM-DD HH24:MI:SS'));
INSERT INTO "INFOPUB"."SYS_ROLE_MENU" VALUES ('111', '29', '*', null, null, '2016102409453612600001', TO_DATE('2016-10-24 15:32:30', 'YYYY-MM-DD HH24:MI:SS'), '2016102409453612600001', TO_DATE('2016-10-24 15:32:30', 'YYYY-MM-DD HH24:MI:SS'));
INSERT INTO "INFOPUB"."SYS_ROLE_MENU" VALUES ('msgmng', '24', '*', null, null, '1', TO_DATE('2016-10-25 19:30:20', 'YYYY-MM-DD HH24:MI:SS'), '1', TO_DATE('2016-10-25 19:30:20', 'YYYY-MM-DD HH24:MI:SS'));
INSERT INTO "INFOPUB"."SYS_ROLE_MENU" VALUES ('msgmng', '25', '*', null, null, '1', TO_DATE('2016-10-25 19:30:20', 'YYYY-MM-DD HH24:MI:SS'), '1', TO_DATE('2016-10-25 19:30:20', 'YYYY-MM-DD HH24:MI:SS'));
INSERT INTO "INFOPUB"."SYS_ROLE_MENU" VALUES ('12', '26', '*', null, null, '2016102409453612600001', TO_DATE('2016-10-24 15:32:58', 'YYYY-MM-DD HH24:MI:SS'), '2016102409453612600001', TO_DATE('2016-10-24 15:32:58', 'YYYY-MM-DD HH24:MI:SS'));
INSERT INTO "INFOPUB"."SYS_ROLE_MENU" VALUES ('963', '8', '*', null, null, '2016102409521899200003', TO_DATE('2016-10-31 16:30:57', 'YYYY-MM-DD HH24:MI:SS'), '2016102409521899200003', TO_DATE('2016-10-31 16:30:57', 'YYYY-MM-DD HH24:MI:SS'));
INSERT INTO "INFOPUB"."SYS_ROLE_MENU" VALUES ('rolmng', '1', '*', null, null, '2016102409573771200004', TO_DATE('2016-10-27 18:43:20', 'YYYY-MM-DD HH24:MI:SS'), '2016102409573771200004', TO_DATE('2016-10-27 18:43:20', 'YYYY-MM-DD HH24:MI:SS'));
INSERT INTO "INFOPUB"."SYS_ROLE_MENU" VALUES ('rolmng', '2', '*', null, null, '2016102409573771200004', TO_DATE('2016-10-27 18:43:20', 'YYYY-MM-DD HH24:MI:SS'), '2016102409573771200004', TO_DATE('2016-10-27 18:43:20', 'YYYY-MM-DD HH24:MI:SS'));
INSERT INTO "INFOPUB"."SYS_ROLE_MENU" VALUES ('rolmng', '3', '*', null, null, '2016102409573771200004', TO_DATE('2016-10-27 18:43:20', 'YYYY-MM-DD HH24:MI:SS'), '2016102409573771200004', TO_DATE('2016-10-27 18:43:20', 'YYYY-MM-DD HH24:MI:SS'));
INSERT INTO "INFOPUB"."SYS_ROLE_MENU" VALUES ('rolmng', '4', '*', null, null, '2016102409573771200004', TO_DATE('2016-10-27 18:43:20', 'YYYY-MM-DD HH24:MI:SS'), '2016102409573771200004', TO_DATE('2016-10-27 18:43:20', 'YYYY-MM-DD HH24:MI:SS'));
INSERT INTO "INFOPUB"."SYS_ROLE_MENU" VALUES ('rolmng', '5', '*', null, null, '2016102409573771200004', TO_DATE('2016-10-27 18:43:20', 'YYYY-MM-DD HH24:MI:SS'), '2016102409573771200004', TO_DATE('2016-10-27 18:43:20', 'YYYY-MM-DD HH24:MI:SS'));
INSERT INTO "INFOPUB"."SYS_ROLE_MENU" VALUES ('rolmng', '6', '*', null, null, '2016102409573771200004', TO_DATE('2016-10-27 18:43:20', 'YYYY-MM-DD HH24:MI:SS'), '2016102409573771200004', TO_DATE('2016-10-27 18:43:20', 'YYYY-MM-DD HH24:MI:SS'));
INSERT INTO "INFOPUB"."SYS_ROLE_MENU" VALUES ('rolmng', '7', '*', null, null, '2016102409573771200004', TO_DATE('2016-10-27 18:43:20', 'YYYY-MM-DD HH24:MI:SS'), '2016102409573771200004', TO_DATE('2016-10-27 18:43:20', 'YYYY-MM-DD HH24:MI:SS'));
INSERT INTO "INFOPUB"."SYS_ROLE_MENU" VALUES ('rolmng', '8', '*', null, null, '2016102409573771200004', TO_DATE('2016-10-27 18:43:20', 'YYYY-MM-DD HH24:MI:SS'), '2016102409573771200004', TO_DATE('2016-10-27 18:43:20', 'YYYY-MM-DD HH24:MI:SS'));
INSERT INTO "INFOPUB"."SYS_ROLE_MENU" VALUES ('rolmng', '28', '*', null, null, '2016102409573771200004', TO_DATE('2016-10-27 18:43:20', 'YYYY-MM-DD HH24:MI:SS'), '2016102409573771200004', TO_DATE('2016-10-27 18:43:20', 'YYYY-MM-DD HH24:MI:SS'));
INSERT INTO "INFOPUB"."SYS_ROLE_MENU" VALUES ('rolmng', '18', '*', null, null, '2016102409573771200004', TO_DATE('2016-10-27 18:43:20', 'YYYY-MM-DD HH24:MI:SS'), '2016102409573771200004', TO_DATE('2016-10-27 18:43:20', 'YYYY-MM-DD HH24:MI:SS'));
INSERT INTO "INFOPUB"."SYS_ROLE_MENU" VALUES ('rolmng', '19', '*', null, null, '2016102409573771200004', TO_DATE('2016-10-27 18:43:20', 'YYYY-MM-DD HH24:MI:SS'), '2016102409573771200004', TO_DATE('2016-10-27 18:43:20', 'YYYY-MM-DD HH24:MI:SS'));
INSERT INTO "INFOPUB"."SYS_ROLE_MENU" VALUES ('rolmng', '20', '*', null, null, '2016102409573771200004', TO_DATE('2016-10-27 18:43:20', 'YYYY-MM-DD HH24:MI:SS'), '2016102409573771200004', TO_DATE('2016-10-27 18:43:20', 'YYYY-MM-DD HH24:MI:SS'));
INSERT INTO "INFOPUB"."SYS_ROLE_MENU" VALUES ('rolmng', '21', '*', null, null, '2016102409573771200004', TO_DATE('2016-10-27 18:43:20', 'YYYY-MM-DD HH24:MI:SS'), '2016102409573771200004', TO_DATE('2016-10-27 18:43:20', 'YYYY-MM-DD HH24:MI:SS'));
INSERT INTO "INFOPUB"."SYS_ROLE_MENU" VALUES ('rolmng', '22', '*', null, null, '2016102409573771200004', TO_DATE('2016-10-27 18:43:20', 'YYYY-MM-DD HH24:MI:SS'), '2016102409573771200004', TO_DATE('2016-10-27 18:43:20', 'YYYY-MM-DD HH24:MI:SS'));
INSERT INTO "INFOPUB"."SYS_ROLE_MENU" VALUES ('rolmng', '23', '*', null, null, '2016102409573771200004', TO_DATE('2016-10-27 18:43:20', 'YYYY-MM-DD HH24:MI:SS'), '2016102409573771200004', TO_DATE('2016-10-27 18:43:20', 'YYYY-MM-DD HH24:MI:SS'));
INSERT INTO "INFOPUB"."SYS_ROLE_MENU" VALUES ('rolmng', '24', '*', null, null, '2016102409573771200004', TO_DATE('2016-10-27 18:43:20', 'YYYY-MM-DD HH24:MI:SS'), '2016102409573771200004', TO_DATE('2016-10-27 18:43:20', 'YYYY-MM-DD HH24:MI:SS'));
INSERT INTO "INFOPUB"."SYS_ROLE_MENU" VALUES ('rolmng', '25', '*', null, null, '2016102409573771200004', TO_DATE('2016-10-27 18:43:20', 'YYYY-MM-DD HH24:MI:SS'), '2016102409573771200004', TO_DATE('2016-10-27 18:43:20', 'YYYY-MM-DD HH24:MI:SS'));
INSERT INTO "INFOPUB"."SYS_ROLE_MENU" VALUES ('rolmng', '26', '*', null, null, '2016102409573771200004', TO_DATE('2016-10-27 18:43:20', 'YYYY-MM-DD HH24:MI:SS'), '2016102409573771200004', TO_DATE('2016-10-27 18:43:20', 'YYYY-MM-DD HH24:MI:SS'));
INSERT INTO "INFOPUB"."SYS_ROLE_MENU" VALUES ('rolmng', '27', '*', null, null, '2016102409573771200004', TO_DATE('2016-10-27 18:43:20', 'YYYY-MM-DD HH24:MI:SS'), '2016102409573771200004', TO_DATE('2016-10-27 18:43:20', 'YYYY-MM-DD HH24:MI:SS'));
INSERT INTO "INFOPUB"."SYS_ROLE_MENU" VALUES ('rolmng', '29', '*', null, null, '2016102409573771200004', TO_DATE('2016-10-27 18:43:20', 'YYYY-MM-DD HH24:MI:SS'), '2016102409573771200004', TO_DATE('2016-10-27 18:43:20', 'YYYY-MM-DD HH24:MI:SS'));
INSERT INTO "INFOPUB"."SYS_ROLE_MENU" VALUES ('编号01', '1', '*', null, null, '1', TO_DATE('2017-03-17 14:12:10', 'YYYY-MM-DD HH24:MI:SS'), '1', TO_DATE('2017-03-17 14:12:10', 'YYYY-MM-DD HH24:MI:SS'));
INSERT INTO "INFOPUB"."SYS_ROLE_MENU" VALUES ('02编码', '1', '*', null, null, '2016102409521899200003', TO_DATE('2017-03-23 13:46:31', 'YYYY-MM-DD HH24:MI:SS'), '2016102409521899200003', TO_DATE('2017-03-23 13:46:31', 'YYYY-MM-DD HH24:MI:SS'));
INSERT INTO "INFOPUB"."SYS_ROLE_MENU" VALUES ('02编码', '2', '*', null, null, '2016102409521899200003', TO_DATE('2017-03-23 13:46:31', 'YYYY-MM-DD HH24:MI:SS'), '2016102409521899200003', TO_DATE('2017-03-23 13:46:31', 'YYYY-MM-DD HH24:MI:SS'));
INSERT INTO "INFOPUB"."SYS_ROLE_MENU" VALUES ('sysmng', '3', '*', null, null, '1', TO_DATE('2017-04-24 13:15:02', 'YYYY-MM-DD HH24:MI:SS'), '1', TO_DATE('2017-04-24 13:15:02', 'YYYY-MM-DD HH24:MI:SS'));
INSERT INTO "INFOPUB"."SYS_ROLE_MENU" VALUES ('sysmng', '4', '*', null, null, '1', TO_DATE('2017-04-24 13:15:02', 'YYYY-MM-DD HH24:MI:SS'), '1', TO_DATE('2017-04-24 13:15:02', 'YYYY-MM-DD HH24:MI:SS'));
INSERT INTO "INFOPUB"."SYS_ROLE_MENU" VALUES ('sysmng', '5', '*', null, null, '1', TO_DATE('2017-04-24 13:15:02', 'YYYY-MM-DD HH24:MI:SS'), '1', TO_DATE('2017-04-24 13:15:02', 'YYYY-MM-DD HH24:MI:SS'));
INSERT INTO "INFOPUB"."SYS_ROLE_MENU" VALUES ('sysmng', '6', '*', null, null, '1', TO_DATE('2017-04-24 13:15:02', 'YYYY-MM-DD HH24:MI:SS'), '1', TO_DATE('2017-04-24 13:15:02', 'YYYY-MM-DD HH24:MI:SS'));
INSERT INTO "INFOPUB"."SYS_ROLE_MENU" VALUES ('sysmng', '7', '*', null, null, '1', TO_DATE('2017-04-24 13:15:02', 'YYYY-MM-DD HH24:MI:SS'), '1', TO_DATE('2017-04-24 13:15:02', 'YYYY-MM-DD HH24:MI:SS'));
INSERT INTO "INFOPUB"."SYS_ROLE_MENU" VALUES ('sysmng', '8', '*', null, null, '1', TO_DATE('2017-04-24 13:15:02', 'YYYY-MM-DD HH24:MI:SS'), '1', TO_DATE('2017-04-24 13:15:02', 'YYYY-MM-DD HH24:MI:SS'));
INSERT INTO "INFOPUB"."SYS_ROLE_MENU" VALUES ('sysmng', '30', '*', null, null, '1', TO_DATE('2017-04-24 13:15:02', 'YYYY-MM-DD HH24:MI:SS'), '1', TO_DATE('2017-04-24 13:15:02', 'YYYY-MM-DD HH24:MI:SS'));
INSERT INTO "INFOPUB"."SYS_ROLE_MENU" VALUES ('sysmng', '32', '*', null, null, '1', TO_DATE('2017-04-24 13:15:02', 'YYYY-MM-DD HH24:MI:SS'), '1', TO_DATE('2017-04-24 13:15:02', 'YYYY-MM-DD HH24:MI:SS'));
INSERT INTO "INFOPUB"."SYS_ROLE_MENU" VALUES ('sysmng', '31', '*', null, null, '1', TO_DATE('2017-04-24 13:15:02', 'YYYY-MM-DD HH24:MI:SS'), '1', TO_DATE('2017-04-24 13:15:02', 'YYYY-MM-DD HH24:MI:SS'));
INSERT INTO "INFOPUB"."SYS_ROLE_MENU" VALUES ('sysmng', '28', '*', null, null, '1', TO_DATE('2017-04-24 13:15:02', 'YYYY-MM-DD HH24:MI:SS'), '1', TO_DATE('2017-04-24 13:15:02', 'YYYY-MM-DD HH24:MI:SS'));
INSERT INTO "INFOPUB"."SYS_ROLE_MENU" VALUES ('sysmng', '18', '*', null, null, '1', TO_DATE('2017-04-24 13:15:02', 'YYYY-MM-DD HH24:MI:SS'), '1', TO_DATE('2017-04-24 13:15:02', 'YYYY-MM-DD HH24:MI:SS'));
INSERT INTO "INFOPUB"."SYS_ROLE_MENU" VALUES ('sysmng', '19', '*', null, null, '1', TO_DATE('2017-04-24 13:15:02', 'YYYY-MM-DD HH24:MI:SS'), '1', TO_DATE('2017-04-24 13:15:02', 'YYYY-MM-DD HH24:MI:SS'));
INSERT INTO "INFOPUB"."SYS_ROLE_MENU" VALUES ('sysmng', '20', '*', null, null, '1', TO_DATE('2017-04-24 13:15:02', 'YYYY-MM-DD HH24:MI:SS'), '1', TO_DATE('2017-04-24 13:15:02', 'YYYY-MM-DD HH24:MI:SS'));
INSERT INTO "INFOPUB"."SYS_ROLE_MENU" VALUES ('sysmng', '21', '*', null, null, '1', TO_DATE('2017-04-24 13:15:02', 'YYYY-MM-DD HH24:MI:SS'), '1', TO_DATE('2017-04-24 13:15:02', 'YYYY-MM-DD HH24:MI:SS'));
INSERT INTO "INFOPUB"."SYS_ROLE_MENU" VALUES ('sysmng', '22', '*', null, null, '1', TO_DATE('2017-04-24 13:15:02', 'YYYY-MM-DD HH24:MI:SS'), '1', TO_DATE('2017-04-24 13:15:02', 'YYYY-MM-DD HH24:MI:SS'));
INSERT INTO "INFOPUB"."SYS_ROLE_MENU" VALUES ('sysmng', '23', '*', null, null, '1', TO_DATE('2017-04-24 13:15:02', 'YYYY-MM-DD HH24:MI:SS'), '1', TO_DATE('2017-04-24 13:15:02', 'YYYY-MM-DD HH24:MI:SS'));
INSERT INTO "INFOPUB"."SYS_ROLE_MENU" VALUES ('sysmng', '42', '*', null, null, '1', TO_DATE('2017-04-24 13:15:02', 'YYYY-MM-DD HH24:MI:SS'), '1', TO_DATE('2017-04-24 13:15:02', 'YYYY-MM-DD HH24:MI:SS'));
INSERT INTO "INFOPUB"."SYS_ROLE_MENU" VALUES ('sysmng', '43', '*', null, null, '1', TO_DATE('2017-04-24 13:15:02', 'YYYY-MM-DD HH24:MI:SS'), '1', TO_DATE('2017-04-24 13:15:02', 'YYYY-MM-DD HH24:MI:SS'));
INSERT INTO "INFOPUB"."SYS_ROLE_MENU" VALUES ('sysmng', '444', '*', null, null, '1', TO_DATE('2017-04-24 13:15:02', 'YYYY-MM-DD HH24:MI:SS'), '1', TO_DATE('2017-04-24 13:15:02', 'YYYY-MM-DD HH24:MI:SS'));
INSERT INTO "INFOPUB"."SYS_ROLE_MENU" VALUES ('sysmng', '24', '*', null, null, '1', TO_DATE('2017-04-24 13:15:02', 'YYYY-MM-DD HH24:MI:SS'), '1', TO_DATE('2017-04-24 13:15:02', 'YYYY-MM-DD HH24:MI:SS'));
INSERT INTO "INFOPUB"."SYS_ROLE_MENU" VALUES ('sysmng', '25', '*', null, null, '1', TO_DATE('2017-04-24 13:15:02', 'YYYY-MM-DD HH24:MI:SS'), '1', TO_DATE('2017-04-24 13:15:02', 'YYYY-MM-DD HH24:MI:SS'));
INSERT INTO "INFOPUB"."SYS_ROLE_MENU" VALUES ('sysmng', '26', '*', null, null, '1', TO_DATE('2017-04-24 13:15:02', 'YYYY-MM-DD HH24:MI:SS'), '1', TO_DATE('2017-04-24 13:15:02', 'YYYY-MM-DD HH24:MI:SS'));
INSERT INTO "INFOPUB"."SYS_ROLE_MENU" VALUES ('sysmng', '27', '*', null, null, '1', TO_DATE('2017-04-24 13:15:02', 'YYYY-MM-DD HH24:MI:SS'), '1', TO_DATE('2017-04-24 13:15:02', 'YYYY-MM-DD HH24:MI:SS'));
INSERT INTO "INFOPUB"."SYS_ROLE_MENU" VALUES ('sysmng', '29', '*', null, null, '1', TO_DATE('2017-04-24 13:15:02', 'YYYY-MM-DD HH24:MI:SS'), '1', TO_DATE('2017-04-24 13:15:02', 'YYYY-MM-DD HH24:MI:SS'));
INSERT INTO "INFOPUB"."SYS_ROLE_MENU" VALUES ('sysmng', '35', '*', null, null, '1', TO_DATE('2017-04-24 13:15:02', 'YYYY-MM-DD HH24:MI:SS'), '1', TO_DATE('2017-04-24 13:15:02', 'YYYY-MM-DD HH24:MI:SS'));
INSERT INTO "INFOPUB"."SYS_ROLE_MENU" VALUES ('sysmng', '36', '*', null, null, '1', TO_DATE('2017-04-24 13:15:02', 'YYYY-MM-DD HH24:MI:SS'), '1', TO_DATE('2017-04-24 13:15:02', 'YYYY-MM-DD HH24:MI:SS'));
INSERT INTO "INFOPUB"."SYS_ROLE_MENU" VALUES ('sysmng', '34', '*', null, null, '1', TO_DATE('2017-04-24 13:15:02', 'YYYY-MM-DD HH24:MI:SS'), '1', TO_DATE('2017-04-24 13:15:02', 'YYYY-MM-DD HH24:MI:SS'));
INSERT INTO "INFOPUB"."SYS_ROLE_MENU" VALUES ('sysmng', '38', '*', null, null, '1', TO_DATE('2017-04-24 13:15:02', 'YYYY-MM-DD HH24:MI:SS'), '1', TO_DATE('2017-04-24 13:15:02', 'YYYY-MM-DD HH24:MI:SS'));
INSERT INTO "INFOPUB"."SYS_ROLE_MENU" VALUES ('sysmng', '39', '*', null, null, '1', TO_DATE('2017-04-24 13:15:02', 'YYYY-MM-DD HH24:MI:SS'), '1', TO_DATE('2017-04-24 13:15:02', 'YYYY-MM-DD HH24:MI:SS'));
INSERT INTO "INFOPUB"."SYS_ROLE_MENU" VALUES ('sysmng', '37', '*', null, null, '1', TO_DATE('2017-04-24 13:15:02', 'YYYY-MM-DD HH24:MI:SS'), '1', TO_DATE('2017-04-24 13:15:02', 'YYYY-MM-DD HH24:MI:SS'));
INSERT INTO "INFOPUB"."SYS_ROLE_MENU" VALUES ('sysmng', '40', '*', null, null, '1', TO_DATE('2017-04-24 13:15:02', 'YYYY-MM-DD HH24:MI:SS'), '1', TO_DATE('2017-04-24 13:15:02', 'YYYY-MM-DD HH24:MI:SS'));
INSERT INTO "INFOPUB"."SYS_ROLE_MENU" VALUES ('sysmng', '41', '*', null, null, '1', TO_DATE('2017-04-24 13:15:02', 'YYYY-MM-DD HH24:MI:SS'), '1', TO_DATE('2017-04-24 13:15:02', 'YYYY-MM-DD HH24:MI:SS'));
INSERT INTO "INFOPUB"."SYS_ROLE_MENU" VALUES ('sysmng', '45', '*', null, null, '1', TO_DATE('2017-04-24 13:15:02', 'YYYY-MM-DD HH24:MI:SS'), '1', TO_DATE('2017-04-24 13:15:02', 'YYYY-MM-DD HH24:MI:SS'));
INSERT INTO "INFOPUB"."SYS_ROLE_MENU" VALUES ('sysmng', '33', '*', null, null, '1', TO_DATE('2017-04-24 13:15:02', 'YYYY-MM-DD HH24:MI:SS'), '1', TO_DATE('2017-04-24 13:15:02', 'YYYY-MM-DD HH24:MI:SS'));
INSERT INTO "INFOPUB"."SYS_ROLE_MENU" VALUES ('sysmng', '1', '*', null, null, '1', TO_DATE('2017-04-24 13:15:02', 'YYYY-MM-DD HH24:MI:SS'), '1', TO_DATE('2017-04-24 13:15:02', 'YYYY-MM-DD HH24:MI:SS'));
INSERT INTO "INFOPUB"."SYS_ROLE_MENU" VALUES ('sysmng', '2', '*', null, null, '1', TO_DATE('2017-04-24 13:15:02', 'YYYY-MM-DD HH24:MI:SS'), '1', TO_DATE('2017-04-24 13:15:02', 'YYYY-MM-DD HH24:MI:SS'));
INSERT INTO "INFOPUB"."SYS_ROLE_MENU" VALUES ('test', '1', '*', null, null, '1', TO_DATE('2017-03-22 13:43:50', 'YYYY-MM-DD HH24:MI:SS'), '1', TO_DATE('2017-03-22 13:43:50', 'YYYY-MM-DD HH24:MI:SS'));
INSERT INTO "INFOPUB"."SYS_ROLE_MENU" VALUES ('test', '2', '*', null, null, '1', TO_DATE('2017-03-22 13:43:50', 'YYYY-MM-DD HH24:MI:SS'), '1', TO_DATE('2017-03-22 13:43:50', 'YYYY-MM-DD HH24:MI:SS'));
INSERT INTO "INFOPUB"."SYS_ROLE_MENU" VALUES ('test', '3', '*', null, null, '1', TO_DATE('2017-03-22 13:43:50', 'YYYY-MM-DD HH24:MI:SS'), '1', TO_DATE('2017-03-22 13:43:50', 'YYYY-MM-DD HH24:MI:SS'));
INSERT INTO "INFOPUB"."SYS_ROLE_MENU" VALUES ('test', '4', '*', null, null, '1', TO_DATE('2017-03-22 13:43:50', 'YYYY-MM-DD HH24:MI:SS'), '1', TO_DATE('2017-03-22 13:43:50', 'YYYY-MM-DD HH24:MI:SS'));
INSERT INTO "INFOPUB"."SYS_ROLE_MENU" VALUES ('test', '5', '*', null, null, '1', TO_DATE('2017-03-22 13:43:50', 'YYYY-MM-DD HH24:MI:SS'), '1', TO_DATE('2017-03-22 13:43:50', 'YYYY-MM-DD HH24:MI:SS'));
INSERT INTO "INFOPUB"."SYS_ROLE_MENU" VALUES ('test', '6', '*', null, null, '1', TO_DATE('2017-03-22 13:43:50', 'YYYY-MM-DD HH24:MI:SS'), '1', TO_DATE('2017-03-22 13:43:50', 'YYYY-MM-DD HH24:MI:SS'));
INSERT INTO "INFOPUB"."SYS_ROLE_MENU" VALUES ('test', '7', '*', null, null, '1', TO_DATE('2017-03-22 13:43:50', 'YYYY-MM-DD HH24:MI:SS'), '1', TO_DATE('2017-03-22 13:43:50', 'YYYY-MM-DD HH24:MI:SS'));
INSERT INTO "INFOPUB"."SYS_ROLE_MENU" VALUES ('test', '8', '*', null, null, '1', TO_DATE('2017-03-22 13:43:50', 'YYYY-MM-DD HH24:MI:SS'), '1', TO_DATE('2017-03-22 13:43:50', 'YYYY-MM-DD HH24:MI:SS'));
INSERT INTO "INFOPUB"."SYS_ROLE_MENU" VALUES ('test', '32', '*', null, null, '1', TO_DATE('2017-03-22 13:43:50', 'YYYY-MM-DD HH24:MI:SS'), '1', TO_DATE('2017-03-22 13:43:50', 'YYYY-MM-DD HH24:MI:SS'));
INSERT INTO "INFOPUB"."SYS_ROLE_MENU" VALUES ('test', '28', '*', null, null, '1', TO_DATE('2017-03-22 13:43:50', 'YYYY-MM-DD HH24:MI:SS'), '1', TO_DATE('2017-03-22 13:43:50', 'YYYY-MM-DD HH24:MI:SS'));
INSERT INTO "INFOPUB"."SYS_ROLE_MENU" VALUES ('test', '34', '*', null, null, '1', TO_DATE('2017-03-22 13:43:50', 'YYYY-MM-DD HH24:MI:SS'), '1', TO_DATE('2017-03-22 13:43:50', 'YYYY-MM-DD HH24:MI:SS'));
INSERT INTO "INFOPUB"."SYS_ROLE_MENU" VALUES ('test', '35', '*', null, null, '1', TO_DATE('2017-03-22 13:43:50', 'YYYY-MM-DD HH24:MI:SS'), '1', TO_DATE('2017-03-22 13:43:50', 'YYYY-MM-DD HH24:MI:SS'));
INSERT INTO "INFOPUB"."SYS_ROLE_MENU" VALUES ('test', '38', '*', null, null, '1', TO_DATE('2017-03-22 13:43:50', 'YYYY-MM-DD HH24:MI:SS'), '1', TO_DATE('2017-03-22 13:43:50', 'YYYY-MM-DD HH24:MI:SS'));
INSERT INTO "INFOPUB"."SYS_ROLE_MENU" VALUES ('test', '36', '*', null, null, '1', TO_DATE('2017-03-22 13:43:50', 'YYYY-MM-DD HH24:MI:SS'), '1', TO_DATE('2017-03-22 13:43:50', 'YYYY-MM-DD HH24:MI:SS'));
INSERT INTO "INFOPUB"."SYS_ROLE_MENU" VALUES ('test', '39', '*', null, null, '1', TO_DATE('2017-03-22 13:43:50', 'YYYY-MM-DD HH24:MI:SS'), '1', TO_DATE('2017-03-22 13:43:50', 'YYYY-MM-DD HH24:MI:SS'));
INSERT INTO "INFOPUB"."SYS_ROLE_MENU" VALUES ('test', '37', '*', null, null, '1', TO_DATE('2017-03-22 13:43:50', 'YYYY-MM-DD HH24:MI:SS'), '1', TO_DATE('2017-03-22 13:43:50', 'YYYY-MM-DD HH24:MI:SS'));
INSERT INTO "INFOPUB"."SYS_ROLE_MENU" VALUES ('test', '40', '*', null, null, '1', TO_DATE('2017-03-22 13:43:50', 'YYYY-MM-DD HH24:MI:SS'), '1', TO_DATE('2017-03-22 13:43:50', 'YYYY-MM-DD HH24:MI:SS'));
INSERT INTO "INFOPUB"."SYS_ROLE_MENU" VALUES ('test', '41', '*', null, null, '1', TO_DATE('2017-03-22 13:43:50', 'YYYY-MM-DD HH24:MI:SS'), '1', TO_DATE('2017-03-22 13:43:50', 'YYYY-MM-DD HH24:MI:SS'));
INSERT INTO "INFOPUB"."SYS_ROLE_MENU" VALUES ('test', '18', '*', null, null, '1', TO_DATE('2017-03-22 13:43:50', 'YYYY-MM-DD HH24:MI:SS'), '1', TO_DATE('2017-03-22 13:43:50', 'YYYY-MM-DD HH24:MI:SS'));
INSERT INTO "INFOPUB"."SYS_ROLE_MENU" VALUES ('test', '19', '*', null, null, '1', TO_DATE('2017-03-22 13:43:50', 'YYYY-MM-DD HH24:MI:SS'), '1', TO_DATE('2017-03-22 13:43:50', 'YYYY-MM-DD HH24:MI:SS'));
INSERT INTO "INFOPUB"."SYS_ROLE_MENU" VALUES ('test', '20', '*', null, null, '1', TO_DATE('2017-03-22 13:43:50', 'YYYY-MM-DD HH24:MI:SS'), '1', TO_DATE('2017-03-22 13:43:50', 'YYYY-MM-DD HH24:MI:SS'));
INSERT INTO "INFOPUB"."SYS_ROLE_MENU" VALUES ('test', '21', '*', null, null, '1', TO_DATE('2017-03-22 13:43:50', 'YYYY-MM-DD HH24:MI:SS'), '1', TO_DATE('2017-03-22 13:43:50', 'YYYY-MM-DD HH24:MI:SS'));
INSERT INTO "INFOPUB"."SYS_ROLE_MENU" VALUES ('test', '22', '*', null, null, '1', TO_DATE('2017-03-22 13:43:50', 'YYYY-MM-DD HH24:MI:SS'), '1', TO_DATE('2017-03-22 13:43:50', 'YYYY-MM-DD HH24:MI:SS'));
INSERT INTO "INFOPUB"."SYS_ROLE_MENU" VALUES ('test', '23', '*', null, null, '1', TO_DATE('2017-03-22 13:43:50', 'YYYY-MM-DD HH24:MI:SS'), '1', TO_DATE('2017-03-22 13:43:50', 'YYYY-MM-DD HH24:MI:SS'));
INSERT INTO "INFOPUB"."SYS_ROLE_MENU" VALUES ('test', '24', '*', null, null, '1', TO_DATE('2017-03-22 13:43:50', 'YYYY-MM-DD HH24:MI:SS'), '1', TO_DATE('2017-03-22 13:43:50', 'YYYY-MM-DD HH24:MI:SS'));
INSERT INTO "INFOPUB"."SYS_ROLE_MENU" VALUES ('test', '25', '*', null, null, '1', TO_DATE('2017-03-22 13:43:50', 'YYYY-MM-DD HH24:MI:SS'), '1', TO_DATE('2017-03-22 13:43:50', 'YYYY-MM-DD HH24:MI:SS'));
INSERT INTO "INFOPUB"."SYS_ROLE_MENU" VALUES ('test', '26', '*', null, null, '1', TO_DATE('2017-03-22 13:43:50', 'YYYY-MM-DD HH24:MI:SS'), '1', TO_DATE('2017-03-22 13:43:50', 'YYYY-MM-DD HH24:MI:SS'));
INSERT INTO "INFOPUB"."SYS_ROLE_MENU" VALUES ('test', '27', '*', null, null, '1', TO_DATE('2017-03-22 13:43:50', 'YYYY-MM-DD HH24:MI:SS'), '1', TO_DATE('2017-03-22 13:43:50', 'YYYY-MM-DD HH24:MI:SS'));
INSERT INTO "INFOPUB"."SYS_ROLE_MENU" VALUES ('test', '29', '*', null, null, '1', TO_DATE('2017-03-22 13:43:50', 'YYYY-MM-DD HH24:MI:SS'), '1', TO_DATE('2017-03-22 13:43:50', 'YYYY-MM-DD HH24:MI:SS'));
INSERT INTO "INFOPUB"."SYS_ROLE_MENU" VALUES ('htgcs', '33', '*', null, null, '1', TO_DATE('2017-04-24 13:36:59', 'YYYY-MM-DD HH24:MI:SS'), '1', TO_DATE('2017-04-24 13:36:59', 'YYYY-MM-DD HH24:MI:SS'));
INSERT INTO "INFOPUB"."SYS_ROLE_MENU" VALUES ('htgcs', '37', '*', null, null, '1', TO_DATE('2017-04-24 13:36:59', 'YYYY-MM-DD HH24:MI:SS'), '1', TO_DATE('2017-04-24 13:36:59', 'YYYY-MM-DD HH24:MI:SS'));
INSERT INTO "INFOPUB"."SYS_ROLE_MENU" VALUES ('htgcs', '45', '*', null, null, '1', TO_DATE('2017-04-24 13:36:59', 'YYYY-MM-DD HH24:MI:SS'), '1', TO_DATE('2017-04-24 13:36:59', 'YYYY-MM-DD HH24:MI:SS'));
INSERT INTO "INFOPUB"."SYS_ROLE_MENU" VALUES ('htgzs', '33', '*', null, null, '1', TO_DATE('2017-04-24 13:37:23', 'YYYY-MM-DD HH24:MI:SS'), '1', TO_DATE('2017-04-24 13:37:23', 'YYYY-MM-DD HH24:MI:SS'));
INSERT INTO "INFOPUB"."SYS_ROLE_MENU" VALUES ('htgzs', '37', '*', null, null, '1', TO_DATE('2017-04-24 13:37:23', 'YYYY-MM-DD HH24:MI:SS'), '1', TO_DATE('2017-04-24 13:37:23', 'YYYY-MM-DD HH24:MI:SS'));
INSERT INTO "INFOPUB"."SYS_ROLE_MENU" VALUES ('htgzs', '45', '*', null, null, '1', TO_DATE('2017-04-24 13:37:23', 'YYYY-MM-DD HH24:MI:SS'), '1', TO_DATE('2017-04-24 13:37:23', 'YYYY-MM-DD HH24:MI:SS'));
INSERT INTO "INFOPUB"."SYS_ROLE_MENU" VALUES ('tafs', '33', '*', null, null, '1', TO_DATE('2017-04-24 13:37:41', 'YYYY-MM-DD HH24:MI:SS'), '1', TO_DATE('2017-04-24 13:37:41', 'YYYY-MM-DD HH24:MI:SS'));
INSERT INTO "INFOPUB"."SYS_ROLE_MENU" VALUES ('tafs', '37', '*', null, null, '1', TO_DATE('2017-04-24 13:37:41', 'YYYY-MM-DD HH24:MI:SS'), '1', TO_DATE('2017-04-24 13:37:41', 'YYYY-MM-DD HH24:MI:SS'));
INSERT INTO "INFOPUB"."SYS_ROLE_MENU" VALUES ('tafs', '45', '*', null, null, '1', TO_DATE('2017-04-24 13:37:41', 'YYYY-MM-DD HH24:MI:SS'), '1', TO_DATE('2017-04-24 13:37:41', 'YYYY-MM-DD HH24:MI:SS'));
INSERT INTO "INFOPUB"."SYS_ROLE_MENU" VALUES ('gzfs', '33', '*', null, null, '1', TO_DATE('2017-04-24 13:38:05', 'YYYY-MM-DD HH24:MI:SS'), '1', TO_DATE('2017-04-24 13:38:05', 'YYYY-MM-DD HH24:MI:SS'));
INSERT INTO "INFOPUB"."SYS_ROLE_MENU" VALUES ('gzfs', '37', '*', null, null, '1', TO_DATE('2017-04-24 13:38:05', 'YYYY-MM-DD HH24:MI:SS'), '1', TO_DATE('2017-04-24 13:38:05', 'YYYY-MM-DD HH24:MI:SS'));
INSERT INTO "INFOPUB"."SYS_ROLE_MENU" VALUES ('gzfs', '45', '*', null, null, '1', TO_DATE('2017-04-24 13:38:05', 'YYYY-MM-DD HH24:MI:SS'), '1', TO_DATE('2017-04-24 13:38:05', 'YYYY-MM-DD HH24:MI:SS'));

-- ----------------------------
-- Table structure for SYS_SESSION
-- ----------------------------
DROP TABLE "INFOPUB"."SYS_SESSION";
CREATE TABLE "INFOPUB"."SYS_SESSION" (
"ID" VARCHAR2(64 BYTE) NOT NULL ,
"SESSION_ID" VARCHAR2(50 BYTE) DEFAULT NULL  NULL ,
"ACCOUNT_" VARCHAR2(50 BYTE) DEFAULT NULL  NULL ,
"IP_" VARCHAR2(50 BYTE) DEFAULT NULL  NULL ,
"START_TIME" DATE NOT NULL ,
"ENABLE_" NUMBER(1) DEFAULT NULL  NULL ,
"REMARK_" VARCHAR2(1000 BYTE) DEFAULT NULL  NULL ,
"CREATE_TIME" DATE NOT NULL ,
"CREATE_BY" VARCHAR2(64 BYTE) NOT NULL ,
"UPDATE_TIME" DATE NOT NULL ,
"UPDATE_BY" VARCHAR2(64 BYTE) NOT NULL 
)
LOGGING
NOCOMPRESS
NOCACHE

;

-- ----------------------------
-- Records of SYS_SESSION
-- ----------------------------
INSERT INTO "INFOPUB"."SYS_SESSION" VALUES ('2017032314073874500094', '3a417a28-27a1-4dbc-99fc-a0b1bb70d9ef', 'cyc00', '10.105.70.31', TO_DATE('2017-03-23 14:07:38', 'YYYY-MM-DD HH24:MI:SS'), null, null, TO_DATE('2017-03-23 14:07:38', 'YYYY-MM-DD HH24:MI:SS'), 'cyc00', TO_DATE('2017-03-23 14:07:38', 'YYYY-MM-DD HH24:MI:SS'), 'cyc00');
INSERT INTO "INFOPUB"."SYS_SESSION" VALUES ('2017042414475219000017', '6898eefc-6445-47a3-ac02-49a196f5bbc7', 'jgyh04', '10.105.65.61', TO_DATE('2017-04-24 14:47:32', 'YYYY-MM-DD HH24:MI:SS'), null, null, TO_DATE('2017-04-24 14:47:52', 'YYYY-MM-DD HH24:MI:SS'), 'jgyh04', TO_DATE('2017-04-24 14:47:52', 'YYYY-MM-DD HH24:MI:SS'), 'jgyh04');
INSERT INTO "INFOPUB"."SYS_SESSION" VALUES ('2017032717244707600020', 'c1c3e416-2fdc-4208-b7ac-85662af8bbf6', 'jgyh08', '10.25.77.50', TO_DATE('2017-03-27 17:23:20', 'YYYY-MM-DD HH24:MI:SS'), null, null, TO_DATE('2017-03-27 17:24:47', 'YYYY-MM-DD HH24:MI:SS'), 'jgyh08', TO_DATE('2017-03-27 17:24:47', 'YYYY-MM-DD HH24:MI:SS'), 'jgyh08');
INSERT INTO "INFOPUB"."SYS_SESSION" VALUES ('2017042517561634900001', '10023954-9320-4e98-b08c-43dbd42c9c86', 'admin', '10.105.70.35', TO_DATE('2017-04-25 17:56:16', 'YYYY-MM-DD HH24:MI:SS'), null, null, TO_DATE('2017-04-25 17:56:16', 'YYYY-MM-DD HH24:MI:SS'), 'admin', TO_DATE('2017-04-25 17:56:16', 'YYYY-MM-DD HH24:MI:SS'), 'admin');

-- ----------------------------
-- Table structure for SYS_USER
-- ----------------------------
DROP TABLE "INFOPUB"."SYS_USER";
CREATE TABLE "INFOPUB"."SYS_USER" (
"ID" VARCHAR2(64 BYTE) NOT NULL ,
"ACCOUNT_" VARCHAR2(20 BYTE) DEFAULT NULL  NULL ,
"PASSWORD_" VARCHAR2(50 BYTE) DEFAULT NULL  NULL ,
"PHONE_" VARCHAR2(50 BYTE) DEFAULT NULL  NULL ,
"SEX_" NUMBER(1) DEFAULT '0'  NOT NULL ,
"USER_NAME" VARCHAR2(30 BYTE) DEFAULT NULL  NULL ,
"AVATAR_" VARCHAR2(500 BYTE) DEFAULT NULL  NULL ,
"USER_TYPE" NUMBER(1) DEFAULT '1'  NULL ,
"DEPT_ID" VARCHAR2(64 BYTE) DEFAULT '1'  NOT NULL ,
"LOCKED_" NUMBER(1) DEFAULT '0'  NULL ,
"ENABLE_" NUMBER(1) DEFAULT '1'  NULL ,
"REMARK_" VARCHAR2(1000 BYTE) DEFAULT '1'  NULL ,
"CREATE_TIME" DATE NOT NULL ,
"CREATE_BY" VARCHAR2(64 BYTE) NOT NULL ,
"UPDATE_TIME" DATE NOT NULL ,
"UPDATE_BY" VARCHAR2(64 BYTE) NOT NULL 
)
LOGGING
NOCOMPRESS
NOCACHE

;

-- ----------------------------
-- Records of SYS_USER
-- ----------------------------
INSERT INTO "INFOPUB"."SYS_USER" VALUES ('2017032311160842200001', 'wddtest', 'i/sV2VpTPy7Y+ppesmkCmM==', null, '0', 'wdd', null, '0', '2016092814171238700006', '0', '1', null, TO_DATE('2017-03-23 11:16:08', 'YYYY-MM-DD HH24:MI:SS'), '2016102410363687700008', TO_DATE('2017-03-23 11:17:13', 'YYYY-MM-DD HH24:MI:SS'), '2016102410363687700008');
INSERT INTO "INFOPUB"."SYS_USER" VALUES ('2017032811290271200001', 'htgcs', 'i/sV2VpTPy7Y+ppesmkCmM==', null, '0', '合同岗初审人员', null, '0', '2016092814171238700006', '0', '1', null, TO_DATE('2017-03-28 11:29:02', 'YYYY-MM-DD HH24:MI:SS'), '2016102409453612600001', TO_DATE('2017-03-28 11:29:49', 'YYYY-MM-DD HH24:MI:SS'), '2016102409453612600001');
INSERT INTO "INFOPUB"."SYS_USER" VALUES ('2017032811293927500002', 'htgzs', 'i/sV2VpTPy7Y+ppesmkCmM==', null, '0', '合同岗终审人员', null, '0', '2016092814171238700006', '0', '1', null, TO_DATE('2017-03-28 11:29:39', 'YYYY-MM-DD HH24:MI:SS'), '2016102409453612600001', TO_DATE('2017-03-28 11:29:39', 'YYYY-MM-DD HH24:MI:SS'), '2016102409453612600001');
INSERT INTO "INFOPUB"."SYS_USER" VALUES ('2017032811300772300003', 'tafh', 'i/sV2VpTPy7Y+ppesmkCmM==', null, '0', 'TA复核人员', null, '0', '2016092814171238700006', '0', '1', null, TO_DATE('2017-03-28 11:30:07', 'YYYY-MM-DD HH24:MI:SS'), '2016102409453612600001', TO_DATE('2017-03-28 11:30:07', 'YYYY-MM-DD HH24:MI:SS'), '2016102409453612600001');
INSERT INTO "INFOPUB"."SYS_USER" VALUES ('2017032811410383500004', 'gzfs', 'i/sV2VpTPy7Y+ppesmkCmM==', null, '0', '估值复审人员', null, '0', '2016092814171238700006', '0', '1', null, TO_DATE('2017-03-28 11:41:03', 'YYYY-MM-DD HH24:MI:SS'), '2016102409453612600001', TO_DATE('2017-03-28 11:42:33', 'YYYY-MM-DD HH24:MI:SS'), '2016102409453612600001');
INSERT INTO "INFOPUB"."SYS_USER" VALUES ('2016102410164136500006', 'lww03', 'i/sV2VpTPy7Y+ppesmkCmM==', '13789000001', '0', 'lww03', null, '0', '2016092814165615100005', '0', '1', '信息部，信息部，信息部，信息部，信息部，信息部，信息部，信息部，信息部，信息部，信息部，信息部，信息部，信息部', TO_DATE('2016-10-24 10:16:41', 'YYYY-MM-DD HH24:MI:SS'), '1', TO_DATE('2016-12-05 10:57:07', 'YYYY-MM-DD HH24:MI:SS'), '1');
INSERT INTO "INFOPUB"."SYS_USER" VALUES ('2016102410302712900007', '9999', 'i/sV2VpTPy7Y+ppesmkCmM==', null, '0', '9999', null, '0', '2016092814171238700006', '1', '1', null, TO_DATE('2016-10-24 10:30:27', 'YYYY-MM-DD HH24:MI:SS'), '2016102409521899200003', TO_DATE('2016-10-31 10:45:35', 'YYYY-MM-DD HH24:MI:SS'), '2016102409521899200003');
INSERT INTO "INFOPUB"."SYS_USER" VALUES ('2016102409573771200004', 'lww01', 'i/sV2VpTPy7Y+ppesmkCmM==', '13678903389', '0', 'lww01', null, '0', '2016101309104112400002', '0', '1', '运营管理部门，运营管理部门，运营管理部门，运营管理部门，运营管理部门，运营管理部门，运营管理部门', TO_DATE('2016-10-24 09:57:37', 'YYYY-MM-DD HH24:MI:SS'), '1', TO_DATE('2016-12-05 10:56:42', 'YYYY-MM-DD HH24:MI:SS'), '1');
INSERT INTO "INFOPUB"."SYS_USER" VALUES ('2016102410092295800005', 'lww02', 'i/sV2VpTPy7Y+ppesmkCmM==', '13600000001', '0', 'lww02', null, '0', '2016092814160010200003', '0', '1', '托管部门用户，托管部门用户，托管部门用户，托管部门用户，托管部门用户，托管部门用户，托管部门用户，托管部门用户，托管部门用户，托管部门用户', TO_DATE('2016-10-24 10:09:22', 'YYYY-MM-DD HH24:MI:SS'), '1', TO_DATE('2016-12-05 10:56:54', 'YYYY-MM-DD HH24:MI:SS'), '1');
INSERT INTO "INFOPUB"."SYS_USER" VALUES ('2016102410363687700008', 'wddwdd', 'DT2xJkPJLpGn1bz5Z5RGea==', '15172458863', '0', 'WDD', null, '0', '2016092814165615100005', '0', '1', 'test', TO_DATE('2016-10-24 10:36:36', 'YYYY-MM-DD HH24:MI:SS'), '1', TO_DATE('2017-03-29 09:19:22', 'YYYY-MM-DD HH24:MI:SS'), '2016102410363687700008');
INSERT INTO "INFOPUB"."SYS_USER" VALUES ('2016103110275425900001', '89898989', 'i/sV2VpTPy7Y+ppesmkCmM==', '13022698546', '0', '98989898', null, '0', '2016102718180297500004', '0', '1', '99998888', TO_DATE('2016-10-31 10:27:54', 'YYYY-MM-DD HH24:MI:SS'), '2016102409521899200003', TO_DATE('2016-10-31 10:28:57', 'YYYY-MM-DD HH24:MI:SS'), '2016102409521899200003');
INSERT INTO "INFOPUB"."SYS_USER" VALUES ('2016103110284381800002', '99999', 'i/sV2VpTPy7Y+ppesmkCmM==', '13069696545', '0', '8888', null, '0', '2016101309104112400002', '1', '1', '988989', TO_DATE('2016-10-31 10:28:43', 'YYYY-MM-DD HH24:MI:SS'), '2016102409521899200003', TO_DATE('2016-11-30 11:17:40', 'YYYY-MM-DD HH24:MI:SS'), '1');
INSERT INTO "INFOPUB"."SYS_USER" VALUES ('2016103110291444900003', '8888', 'i/sV2VpTPy7Y+ppesmkCmM==', '13026879526', '0', '999', null, '0', '2016102410534292300002', '1', '1', '8596
45
155
515', TO_DATE('2016-10-31 10:29:14', 'YYYY-MM-DD HH24:MI:SS'), '2016102409521899200003', TO_DATE('2016-11-30 11:17:38', 'YYYY-MM-DD HH24:MI:SS'), '1');
INSERT INTO "INFOPUB"."SYS_USER" VALUES ('2016103115401462300004', '999999', 'Zt8Q+LL0oP29bjTPLnjnmM==', '13074412563', '0', '中文', null, '0', '2016101309104112400002', '0', '1', '加点备注
好的啊
第三行', TO_DATE('2016-10-31 15:40:14', 'YYYY-MM-DD HH24:MI:SS'), '2016102409521899200003', TO_DATE('2016-12-29 09:20:27', 'YYYY-MM-DD HH24:MI:SS'), '1');
INSERT INTO "INFOPUB"."SYS_USER" VALUES ('1', 'admin', 'i/sV2VpTPy7Y+ppesmkCmM==', '15333821711', '0', '系统管理员', 'res/img/favicon.jpg', '3', '2016092814165615100005', '0', '1', '备注信息是啥？备注信息是啥？备注信息是啥？备注信息是啥？备注信息是啥？备注信息是啥？备注信息是啥？备注信息是啥？', TO_DATE('2016-05-06 10:06:52', 'YYYY-MM-DD HH24:MI:SS'), '1', TO_DATE('2016-10-24 11:45:38', 'YYYY-MM-DD HH24:MI:SS'), '1');
INSERT INTO "INFOPUB"."SYS_USER" VALUES ('2016102409453612600001', 'shenli', 'i/sV2VpTPy7Y+ppesmkCmM==', null, '0', '沈力', null, '0', '2016092814165615100005', '0', '1', null, TO_DATE('2016-10-24 09:45:36', 'YYYY-MM-DD HH24:MI:SS'), '1', TO_DATE('2016-10-24 09:45:36', 'YYYY-MM-DD HH24:MI:SS'), '1');
INSERT INTO "INFOPUB"."SYS_USER" VALUES ('2016102409470025600002', 'xiexianyi', 'i/sV2VpTPy7Y+ppesmkCmM==', null, '0', 'xxy', null, '0', '2016101309104112400002', '0', '1', null, TO_DATE('2016-10-24 09:47:00', 'YYYY-MM-DD HH24:MI:SS'), '1', TO_DATE('2017-03-23 10:20:23', 'YYYY-MM-DD HH24:MI:SS'), '1');
INSERT INTO "INFOPUB"."SYS_USER" VALUES ('2016102409521899200003', 'haha', 'i/sV2VpTPy7Y+ppesmkCmM==', null, '0', 'haha', null, '0', '2016101309104112400002', '0', '1', null, TO_DATE('2016-10-24 09:52:18', 'YYYY-MM-DD HH24:MI:SS'), '1', TO_DATE('2017-03-22 16:03:41', 'YYYY-MM-DD HH24:MI:SS'), '2016102409521899200003');
INSERT INTO "INFOPUB"."SYS_USER" VALUES ('2016102117271305300028', 'pengtao', 'i/sV2VpTPy7Y+ppesmkCmM==', null, '0', '彭涛', null, '0', '2016092814165615100005', '0', '1', null, TO_DATE('2016-10-21 17:27:13', 'YYYY-MM-DD HH24:MI:SS'), '1', TO_DATE('2017-03-22 10:56:47', 'YYYY-MM-DD HH24:MI:SS'), '1');
INSERT INTO "INFOPUB"."SYS_USER" VALUES ('2016102611414398900010', 'lww05', 'i/sV2VpTPy7Y+ppesmkCmM==', null, '0', 'lww05', null, '0', '2016092814160010200003', '0', '1', '资管部资管部资管部资管部', TO_DATE('2016-10-26 11:41:43', 'YYYY-MM-DD HH24:MI:SS'), '1', TO_DATE('2016-10-27 10:28:57', 'YYYY-MM-DD HH24:MI:SS'), '2016102409573771200004');
INSERT INTO "INFOPUB"."SYS_USER" VALUES ('2016102710042245500011', 'yunyingrenyuan', 'i/sV2VpTPy7Y+ppesmkCmM==', '13200000009', '0', '运营人员管理999', null, '0', '2016092814171238700006', '0', '1', 'beiz', TO_DATE('2016-10-27 10:04:22', 'YYYY-MM-DD HH24:MI:SS'), '2016102409573771200004', TO_DATE('2016-10-27 10:41:26', 'YYYY-MM-DD HH24:MI:SS'), '2016102409521899200003');
INSERT INTO "INFOPUB"."SYS_USER" VALUES ('2016102420135914000009', 'lww04', 'i/sV2VpTPy7Y+ppesmkCmM==', null, '0', 'lww04', null, '0', '2016102410534292300002', '0', '1', null, TO_DATE('2016-10-24 20:13:59', 'YYYY-MM-DD HH24:MI:SS'), '2016102409573771200004', TO_DATE('2017-03-10 14:06:40', 'YYYY-MM-DD HH24:MI:SS'), '1');
INSERT INTO "INFOPUB"."SYS_USER" VALUES ('2016102717061395000001', 'chenyichen', 'i/sV2VpTPy7Y+ppesmkCmM==', '13588889999', '0', 'chenyichen', null, '0', '2016092814160010200003', '0', '1', null, TO_DATE('2016-10-27 17:06:13', 'YYYY-MM-DD HH24:MI:SS'), '2016102409470025600002', TO_DATE('2016-10-27 17:06:13', 'YYYY-MM-DD HH24:MI:SS'), '2016102409470025600002');
INSERT INTO "INFOPUB"."SYS_USER" VALUES ('2016102718131655000002', 'LWW01', 'i/sV2VpTPy7Y+ppesmkCmM==', null, '0', 'LWW01', null, '0', '2016101309104112400002', '0', '1', null, TO_DATE('2016-10-27 18:13:16', 'YYYY-MM-DD HH24:MI:SS'), '1', TO_DATE('2016-10-27 18:15:40', 'YYYY-MM-DD HH24:MI:SS'), '1');
INSERT INTO "INFOPUB"."SYS_USER" VALUES ('2017030916473195100012', 'jiu000', 'i/sV2VpTPy7Y+ppesmkCmM==', '13699898966', '0', 'jiu00', null, '0', '2016092814165615100005', '0', '1', 'tuijjlkjkljklJKLJKJKJkjkJKjkjkjhkjhjknkjHjkhjkjojkjklmkcnvkhkjdj就', TO_DATE('2017-03-09 16:47:31', 'YYYY-MM-DD HH24:MI:SS'), '2016102409521899200003', TO_DATE('2017-03-09 16:49:45', 'YYYY-MM-DD HH24:MI:SS'), '2016102409521899200003');
INSERT INTO "INFOPUB"."SYS_USER" VALUES ('2017032313224343700003', 'cyc00', 'i/sV2VpTPy7Y+ppesmkCmM==', '13666666666', '0', 'cyc002', null, '0', '2016092814160010200003', '0', '1', '22', TO_DATE('2017-03-23 13:22:43', 'YYYY-MM-DD HH24:MI:SS'), '2016102409521899200003', TO_DATE('2017-03-23 13:22:43', 'YYYY-MM-DD HH24:MI:SS'), '2016102409521899200003');
INSERT INTO "INFOPUB"."SYS_USER" VALUES ('2016122909215392800001', 'yy888', 'i/sV2VpTPy7Y+ppesmkCmM==', null, '0', 'yy888', null, '0', '2016092814165615100005', '0', '1', '备注啊啊啊啊啊啊', TO_DATE('2016-12-29 09:21:53', 'YYYY-MM-DD HH24:MI:SS'), '2016102409573771200004', TO_DATE('2017-02-15 15:59:51', 'YYYY-MM-DD HH24:MI:SS'), '2016102409470025600002');
INSERT INTO "INFOPUB"."SYS_USER" VALUES ('2017032311354825700002', 'cyc0', 'i/sV2VpTPy7Y+ppesmkCmM==', '13022222224', '0', 'cyc00', null, '0', '2016092814160010200003', '0', '1', '9', TO_DATE('2017-03-23 11:35:48', 'YYYY-MM-DD HH24:MI:SS'), '2016102409521899200003', TO_DATE('2017-03-23 13:22:08', 'YYYY-MM-DD HH24:MI:SS'), '2016102409521899200003');

-- ----------------------------
-- Table structure for SYS_USER_MENU
-- ----------------------------
DROP TABLE "INFOPUB"."SYS_USER_MENU";
CREATE TABLE "INFOPUB"."SYS_USER_MENU" (
"USER_ID" VARCHAR2(64 BYTE) NOT NULL ,
"MENU_ID" VARCHAR2(64 BYTE) NOT NULL ,
"PERMISSION_" VARCHAR2(50 BYTE) NOT NULL ,
"ENABLE_" NUMBER(1) DEFAULT NULL  NULL ,
"REMARK_" VARCHAR2(1000 BYTE) DEFAULT NULL  NULL ,
"CREATE_BY" VARCHAR2(64 BYTE) NOT NULL ,
"CREATE_TIME" DATE NOT NULL ,
"UPDATE_BY" VARCHAR2(64 BYTE) NOT NULL ,
"UPDATE_TIME" DATE NOT NULL 
)
LOGGING
NOCOMPRESS
NOCACHE

;

-- ----------------------------
-- Records of SYS_USER_MENU
-- ----------------------------

-- ----------------------------
-- Table structure for SYS_USER_ROLE
-- ----------------------------
DROP TABLE "INFOPUB"."SYS_USER_ROLE";
CREATE TABLE "INFOPUB"."SYS_USER_ROLE" (
"USER_ID" VARCHAR2(64 BYTE) NOT NULL ,
"ROLE_ID" VARCHAR2(64 BYTE) NOT NULL ,
"ENABLE_" NUMBER(1) DEFAULT NULL  NULL ,
"REMARK_" VARCHAR2(1000 BYTE) DEFAULT NULL  NULL ,
"CREATE_BY" VARCHAR2(64 BYTE) NOT NULL ,
"CREATE_TIME" DATE NOT NULL ,
"UPDATE_BY" VARCHAR2(64 BYTE) NOT NULL ,
"UPDATE_TIME" DATE NOT NULL 
)
LOGGING
NOCOMPRESS
NOCACHE

;

-- ----------------------------
-- Records of SYS_USER_ROLE
-- ----------------------------
INSERT INTO "INFOPUB"."SYS_USER_ROLE" VALUES ('2017032311354825700002', '963', null, null, '2016102409521899200003', TO_DATE('2017-03-23 13:19:11', 'YYYY-MM-DD HH24:MI:SS'), '2016102409521899200003', TO_DATE('2017-03-23 13:19:11', 'YYYY-MM-DD HH24:MI:SS'));
INSERT INTO "INFOPUB"."SYS_USER_ROLE" VALUES ('2016102117271305300028', 'leader', null, null, '2016102117271305300028', TO_DATE('2017-03-28 09:37:29', 'YYYY-MM-DD HH24:MI:SS'), '2016102117271305300028', TO_DATE('2017-03-28 09:37:29', 'YYYY-MM-DD HH24:MI:SS'));
INSERT INTO "INFOPUB"."SYS_USER_ROLE" VALUES ('2017032313224343700003', '007', null, null, '2016102409521899200003', TO_DATE('2017-03-23 13:47:35', 'YYYY-MM-DD HH24:MI:SS'), '2016102409521899200003', TO_DATE('2017-03-23 13:47:35', 'YYYY-MM-DD HH24:MI:SS'));
INSERT INTO "INFOPUB"."SYS_USER_ROLE" VALUES ('2016102117271305300028', 'sysmng', null, null, '2016102117271305300028', TO_DATE('2017-03-28 09:37:29', 'YYYY-MM-DD HH24:MI:SS'), '2016102117271305300028', TO_DATE('2017-03-28 09:37:29', 'YYYY-MM-DD HH24:MI:SS'));
INSERT INTO "INFOPUB"."SYS_USER_ROLE" VALUES ('2016102409453612600001', 'sysmng', null, null, '2016102117271305300028', TO_DATE('2017-03-28 09:37:37', 'YYYY-MM-DD HH24:MI:SS'), '2016102117271305300028', TO_DATE('2017-03-28 09:37:37', 'YYYY-MM-DD HH24:MI:SS'));
INSERT INTO "INFOPUB"."SYS_USER_ROLE" VALUES ('2016102409453612600001', 'hr', null, null, '2016102117271305300028', TO_DATE('2017-03-28 09:37:37', 'YYYY-MM-DD HH24:MI:SS'), '2016102117271305300028', TO_DATE('2017-03-28 09:37:37', 'YYYY-MM-DD HH24:MI:SS'));
INSERT INTO "INFOPUB"."SYS_USER_ROLE" VALUES ('2017032811300772300003', 'tafs', null, null, '2016102409453612600001', TO_DATE('2017-03-28 11:35:40', 'YYYY-MM-DD HH24:MI:SS'), '2016102409453612600001', TO_DATE('2017-03-28 11:35:40', 'YYYY-MM-DD HH24:MI:SS'));
INSERT INTO "INFOPUB"."SYS_USER_ROLE" VALUES ('2017032811293927500002', 'htgzs', null, null, '2016102409453612600001', TO_DATE('2017-03-28 11:35:50', 'YYYY-MM-DD HH24:MI:SS'), '2016102409453612600001', TO_DATE('2017-03-28 11:35:50', 'YYYY-MM-DD HH24:MI:SS'));
INSERT INTO "INFOPUB"."SYS_USER_ROLE" VALUES ('2017032811410383500004', 'gzfs', null, null, '2016102409453612600001', TO_DATE('2017-03-28 11:42:20', 'YYYY-MM-DD HH24:MI:SS'), '2016102409453612600001', TO_DATE('2017-03-28 11:42:20', 'YYYY-MM-DD HH24:MI:SS'));
INSERT INTO "INFOPUB"."SYS_USER_ROLE" VALUES ('2017032811290271200001', 'htgcs', null, null, '2016102409453612600001', TO_DATE('2017-03-28 11:35:57', 'YYYY-MM-DD HH24:MI:SS'), '2016102409453612600001', TO_DATE('2017-03-28 11:35:57', 'YYYY-MM-DD HH24:MI:SS'));
INSERT INTO "INFOPUB"."SYS_USER_ROLE" VALUES ('2016103110284381800002', '12', null, null, '1', TO_DATE('2016-11-29 13:26:38', 'YYYY-MM-DD HH24:MI:SS'), '1', TO_DATE('2016-11-29 13:26:38', 'YYYY-MM-DD HH24:MI:SS'));
INSERT INTO "INFOPUB"."SYS_USER_ROLE" VALUES ('2016103115401462300004', 'orgmng', null, null, '1', TO_DATE('2016-12-07 10:12:09', 'YYYY-MM-DD HH24:MI:SS'), '1', TO_DATE('2016-12-07 10:12:09', 'YYYY-MM-DD HH24:MI:SS'));
INSERT INTO "INFOPUB"."SYS_USER_ROLE" VALUES ('2016103115401462300004', '963', null, null, '1', TO_DATE('2016-12-07 10:12:09', 'YYYY-MM-DD HH24:MI:SS'), '1', TO_DATE('2016-12-07 10:12:09', 'YYYY-MM-DD HH24:MI:SS'));
INSERT INTO "INFOPUB"."SYS_USER_ROLE" VALUES ('2016103115401462300004', 'superadmin', null, null, '1', TO_DATE('2016-12-07 10:12:09', 'YYYY-MM-DD HH24:MI:SS'), '1', TO_DATE('2016-12-07 10:12:09', 'YYYY-MM-DD HH24:MI:SS'));
INSERT INTO "INFOPUB"."SYS_USER_ROLE" VALUES ('2016102410092295800005', 'superadmin', null, null, '1', TO_DATE('2016-12-05 11:41:19', 'YYYY-MM-DD HH24:MI:SS'), '1', TO_DATE('2016-12-05 11:41:19', 'YYYY-MM-DD HH24:MI:SS'));
INSERT INTO "INFOPUB"."SYS_USER_ROLE" VALUES ('2016102409573771200004', 'sysmng', null, null, '1', TO_DATE('2016-10-24 10:22:40', 'YYYY-MM-DD HH24:MI:SS'), '1', TO_DATE('2016-10-24 10:22:40', 'YYYY-MM-DD HH24:MI:SS'));
INSERT INTO "INFOPUB"."SYS_USER_ROLE" VALUES ('1', 'sysmng', null, null, '1', TO_DATE('2016-10-20 18:49:05', 'YYYY-MM-DD HH24:MI:SS'), '1', TO_DATE('2016-10-20 18:49:05', 'YYYY-MM-DD HH24:MI:SS'));
INSERT INTO "INFOPUB"."SYS_USER_ROLE" VALUES ('2016102409470025600002', 'sysmng', null, null, '1', TO_DATE('2016-10-24 09:50:44', 'YYYY-MM-DD HH24:MI:SS'), '1', TO_DATE('2016-10-24 09:50:44', 'YYYY-MM-DD HH24:MI:SS'));
INSERT INTO "INFOPUB"."SYS_USER_ROLE" VALUES ('2016102409521899200003', 'sysmng', null, null, '1', TO_DATE('2016-10-24 13:36:56', 'YYYY-MM-DD HH24:MI:SS'), '1', TO_DATE('2016-10-24 13:36:56', 'YYYY-MM-DD HH24:MI:SS'));
INSERT INTO "INFOPUB"."SYS_USER_ROLE" VALUES ('2016102410363687700008', 'msgmng', null, null, '1', TO_DATE('2016-10-24 10:51:42', 'YYYY-MM-DD HH24:MI:SS'), '1', TO_DATE('2016-10-24 10:51:42', 'YYYY-MM-DD HH24:MI:SS'));
INSERT INTO "INFOPUB"."SYS_USER_ROLE" VALUES ('2016102410363687700008', 'orgmng', null, null, '1', TO_DATE('2016-10-24 10:51:42', 'YYYY-MM-DD HH24:MI:SS'), '1', TO_DATE('2016-10-24 10:51:42', 'YYYY-MM-DD HH24:MI:SS'));
INSERT INTO "INFOPUB"."SYS_USER_ROLE" VALUES ('2016102410363687700008', 'sysmng', null, null, '1', TO_DATE('2016-10-24 10:51:42', 'YYYY-MM-DD HH24:MI:SS'), '1', TO_DATE('2016-10-24 10:51:42', 'YYYY-MM-DD HH24:MI:SS'));
INSERT INTO "INFOPUB"."SYS_USER_ROLE" VALUES ('2016102410092295800005', 'msgmng', null, null, '1', TO_DATE('2016-12-05 11:41:19', 'YYYY-MM-DD HH24:MI:SS'), '1', TO_DATE('2016-12-05 11:41:19', 'YYYY-MM-DD HH24:MI:SS'));
INSERT INTO "INFOPUB"."SYS_USER_ROLE" VALUES ('2016103110291444900003', '111', null, null, '2016102409521899200003', TO_DATE('2016-10-31 11:28:58', 'YYYY-MM-DD HH24:MI:SS'), '2016102409521899200003', TO_DATE('2016-10-31 11:28:58', 'YYYY-MM-DD HH24:MI:SS'));
INSERT INTO "INFOPUB"."SYS_USER_ROLE" VALUES ('2016102710042245500011', '111', null, null, '2016102409521899200003', TO_DATE('2016-10-27 10:41:38', 'YYYY-MM-DD HH24:MI:SS'), '2016102409521899200003', TO_DATE('2016-10-27 10:41:38', 'YYYY-MM-DD HH24:MI:SS'));
INSERT INTO "INFOPUB"."SYS_USER_ROLE" VALUES ('2016102710042245500011', 'flowmng', null, null, '2016102409521899200003', TO_DATE('2016-10-27 10:41:38', 'YYYY-MM-DD HH24:MI:SS'), '2016102409521899200003', TO_DATE('2016-10-27 10:41:38', 'YYYY-MM-DD HH24:MI:SS'));
INSERT INTO "INFOPUB"."SYS_USER_ROLE" VALUES ('2016102611414398900010', 'sysmng', null, null, '1', TO_DATE('2016-10-26 15:24:24', 'YYYY-MM-DD HH24:MI:SS'), '1', TO_DATE('2016-10-26 15:24:24', 'YYYY-MM-DD HH24:MI:SS'));
INSERT INTO "INFOPUB"."SYS_USER_ROLE" VALUES ('2016102410092295800005', 'flowmng', null, null, '1', TO_DATE('2016-12-05 11:41:19', 'YYYY-MM-DD HH24:MI:SS'), '1', TO_DATE('2016-12-05 11:41:19', 'YYYY-MM-DD HH24:MI:SS'));
INSERT INTO "INFOPUB"."SYS_USER_ROLE" VALUES ('2016102410164136500006', 'superadmin', null, null, '1', TO_DATE('2016-12-05 11:41:57', 'YYYY-MM-DD HH24:MI:SS'), '1', TO_DATE('2016-12-05 11:41:57', 'YYYY-MM-DD HH24:MI:SS'));
INSERT INTO "INFOPUB"."SYS_USER_ROLE" VALUES ('2016102410164136500006', 'orgmng', null, null, '1', TO_DATE('2016-12-05 11:41:57', 'YYYY-MM-DD HH24:MI:SS'), '1', TO_DATE('2016-12-05 11:41:57', 'YYYY-MM-DD HH24:MI:SS'));
INSERT INTO "INFOPUB"."SYS_USER_ROLE" VALUES ('2016102410164136500006', 'flowmng', null, null, '1', TO_DATE('2016-12-05 11:41:57', 'YYYY-MM-DD HH24:MI:SS'), '1', TO_DATE('2016-12-05 11:41:57', 'YYYY-MM-DD HH24:MI:SS'));
INSERT INTO "INFOPUB"."SYS_USER_ROLE" VALUES ('2016102420135914000009', 'superadmin', null, null, '1', TO_DATE('2016-12-05 11:42:33', 'YYYY-MM-DD HH24:MI:SS'), '1', TO_DATE('2016-12-05 11:42:33', 'YYYY-MM-DD HH24:MI:SS'));
INSERT INTO "INFOPUB"."SYS_USER_ROLE" VALUES ('2016102420135914000009', 'flowmng', null, null, '1', TO_DATE('2016-12-05 11:42:33', 'YYYY-MM-DD HH24:MI:SS'), '1', TO_DATE('2016-12-05 11:42:33', 'YYYY-MM-DD HH24:MI:SS'));
INSERT INTO "INFOPUB"."SYS_USER_ROLE" VALUES ('2017030916473195100012', 'msgmng', null, null, '2016102409521899200003', TO_DATE('2017-03-09 16:47:52', 'YYYY-MM-DD HH24:MI:SS'), '2016102409521899200003', TO_DATE('2017-03-09 16:47:52', 'YYYY-MM-DD HH24:MI:SS'));
INSERT INTO "INFOPUB"."SYS_USER_ROLE" VALUES ('2016122909215392800001', 'flowmng', null, null, '2016102409573771200004', TO_DATE('2016-12-29 09:40:18', 'YYYY-MM-DD HH24:MI:SS'), '2016102409573771200004', TO_DATE('2016-12-29 09:40:18', 'YYYY-MM-DD HH24:MI:SS'));

-- ----------------------------
-- Table structure for SYS_USER_THIRDPARTY
-- ----------------------------
DROP TABLE "INFOPUB"."SYS_USER_THIRDPARTY";
CREATE TABLE "INFOPUB"."SYS_USER_THIRDPARTY" (
"ID" VARCHAR2(64 BYTE) NOT NULL ,
"USER_ID" VARCHAR2(64 BYTE) NOT NULL ,
"PROVIDER_" VARCHAR2(50 BYTE) NOT NULL ,
"OPEN_ID" VARCHAR2(50 BYTE) NOT NULL ,
"ENABLE_" NUMBER(1) DEFAULT NULL  NULL ,
"REMARK_" VARCHAR2(1000 BYTE) DEFAULT NULL  NULL ,
"CREATE_BY" VARCHAR2(64 BYTE) NOT NULL ,
"CREATE_TIME" DATE NOT NULL ,
"UPDATE_BY" VARCHAR2(64 BYTE) NOT NULL ,
"UPDATE_TIME" DATE NOT NULL 
)
LOGGING
NOCOMPRESS
NOCACHE

;

-- ----------------------------
-- Records of SYS_USER_THIRDPARTY
-- ----------------------------

-- ----------------------------
-- Sequence structure for ACT_EVT_LOG_SEQ
-- ----------------------------
DROP SEQUENCE "INFOPUB"."ACT_EVT_LOG_SEQ";
CREATE SEQUENCE "INFOPUB"."ACT_EVT_LOG_SEQ"
 INCREMENT BY 1
 MINVALUE 1
 MAXVALUE 9999999999999999999999999999
 START WITH 1
 CACHE 20;

-- ----------------------------
-- Indexes structure for table PB_COMPANY
-- ----------------------------

-- ----------------------------
-- Checks structure for table PB_COMPANY
-- ----------------------------
ALTER TABLE "INFOPUB"."PB_COMPANY" ADD CHECK ("ID" IS NOT NULL);
ALTER TABLE "INFOPUB"."PB_COMPANY" ADD CHECK ("CREATE_BY" IS NOT NULL);
ALTER TABLE "INFOPUB"."PB_COMPANY" ADD CHECK ("CREATE_TIME" IS NOT NULL);
ALTER TABLE "INFOPUB"."PB_COMPANY" ADD CHECK ("UPDATE_BY" IS NOT NULL);
ALTER TABLE "INFOPUB"."PB_COMPANY" ADD CHECK ("UPDATE_TIME" IS NOT NULL);
ALTER TABLE "INFOPUB"."PB_COMPANY" ADD CHECK ("COMPANY_NO" IS NOT NULL);
ALTER TABLE "INFOPUB"."PB_COMPANY" ADD CHECK ("COMPANY_TYPE" IS NOT NULL);
ALTER TABLE "INFOPUB"."PB_COMPANY" ADD CHECK ("ADDRESS" IS NOT NULL);
ALTER TABLE "INFOPUB"."PB_COMPANY" ADD CHECK ("CONTACT" IS NOT NULL);
ALTER TABLE "INFOPUB"."PB_COMPANY" ADD CHECK ("PHONE" IS NOT NULL);
ALTER TABLE "INFOPUB"."PB_COMPANY" ADD CHECK ("AUTH_FLAG" IS NOT NULL);

-- ----------------------------
-- Primary Key structure for table PB_COMPANY
-- ----------------------------
ALTER TABLE "INFOPUB"."PB_COMPANY" ADD PRIMARY KEY ("ID");

-- ----------------------------
-- Indexes structure for table PB_FILE
-- ----------------------------

-- ----------------------------
-- Checks structure for table PB_FILE
-- ----------------------------
ALTER TABLE "INFOPUB"."PB_FILE" ADD CHECK ("ID" IS NOT NULL);
ALTER TABLE "INFOPUB"."PB_FILE" ADD CHECK ("FILE_NAME" IS NOT NULL);
ALTER TABLE "INFOPUB"."PB_FILE" ADD CHECK ("GROUP_NAME" IS NOT NULL);
ALTER TABLE "INFOPUB"."PB_FILE" ADD CHECK ("ACTUAL_NAME" IS NOT NULL);

-- ----------------------------
-- Primary Key structure for table PB_FILE
-- ----------------------------
ALTER TABLE "INFOPUB"."PB_FILE" ADD PRIMARY KEY ("ID");

-- ----------------------------
-- Indexes structure for table PB_USER
-- ----------------------------

-- ----------------------------
-- Uniques structure for table PB_USER
-- ----------------------------
ALTER TABLE "INFOPUB"."PB_USER" ADD UNIQUE ("ACCOUNT");

-- ----------------------------
-- Checks structure for table PB_USER
-- ----------------------------
ALTER TABLE "INFOPUB"."PB_USER" ADD CHECK ("ID" IS NOT NULL);
ALTER TABLE "INFOPUB"."PB_USER" ADD CHECK ("ACCOUNT" IS NOT NULL);
ALTER TABLE "INFOPUB"."PB_USER" ADD CHECK ("PASSWORD" IS NOT NULL);
ALTER TABLE "INFOPUB"."PB_USER" ADD CHECK ("PHONE" IS NOT NULL);
ALTER TABLE "INFOPUB"."PB_USER" ADD CHECK ("USER_NAME" IS NOT NULL);
ALTER TABLE "INFOPUB"."PB_USER" ADD CHECK ("EMAIL" IS NOT NULL);
ALTER TABLE "INFOPUB"."PB_USER" ADD CHECK ("USER_TYPE" IS NOT NULL);
ALTER TABLE "INFOPUB"."PB_USER" ADD CHECK ("COMPANY_ID" IS NOT NULL);
ALTER TABLE "INFOPUB"."PB_USER" ADD CHECK ("STATUS" IS NOT NULL);
ALTER TABLE "INFOPUB"."PB_USER" ADD CHECK ("CREATE_TIME" IS NOT NULL);
ALTER TABLE "INFOPUB"."PB_USER" ADD CHECK ("CREATE_BY" IS NOT NULL);
ALTER TABLE "INFOPUB"."PB_USER" ADD CHECK ("UPDATE_TIME" IS NOT NULL);
ALTER TABLE "INFOPUB"."PB_USER" ADD CHECK ("UPDATE_BY" IS NOT NULL);
ALTER TABLE "INFOPUB"."PB_USER" ADD CHECK ("PDMOD_FLAG" IS NOT NULL);

-- ----------------------------
-- Primary Key structure for table PB_USER
-- ----------------------------
ALTER TABLE "INFOPUB"."PB_USER" ADD PRIMARY KEY ("ID");

-- ----------------------------
-- Indexes structure for table SYS_CATALOG
-- ----------------------------

-- ----------------------------
-- Uniques structure for table SYS_CATALOG
-- ----------------------------
ALTER TABLE "INFOPUB"."SYS_CATALOG" ADD UNIQUE ("CASCADE_ID");

-- ----------------------------
-- Checks structure for table SYS_CATALOG
-- ----------------------------
ALTER TABLE "INFOPUB"."SYS_CATALOG" ADD CHECK ("ID" IS NOT NULL);
ALTER TABLE "INFOPUB"."SYS_CATALOG" ADD CHECK ("CASCADE_ID" IS NOT NULL);
ALTER TABLE "INFOPUB"."SYS_CATALOG" ADD CHECK ("ROOT_KEY" IS NOT NULL);
ALTER TABLE "INFOPUB"."SYS_CATALOG" ADD CHECK ("ROOT_NAME" IS NOT NULL);
ALTER TABLE "INFOPUB"."SYS_CATALOG" ADD CHECK ("NAME_" IS NOT NULL);
ALTER TABLE "INFOPUB"."SYS_CATALOG" ADD CHECK ("PARENT_ID" IS NOT NULL);
ALTER TABLE "INFOPUB"."SYS_CATALOG" ADD CHECK ("IS_LEAF_" IS NOT NULL);
ALTER TABLE "INFOPUB"."SYS_CATALOG" ADD CHECK ("IS_AUTO_EXPAND" IS NOT NULL);
ALTER TABLE "INFOPUB"."SYS_CATALOG" ADD CHECK ("CREATE_BY" IS NOT NULL);
ALTER TABLE "INFOPUB"."SYS_CATALOG" ADD CHECK ("CREATE_TIME" IS NOT NULL);
ALTER TABLE "INFOPUB"."SYS_CATALOG" ADD CHECK ("UPDATE_BY" IS NOT NULL);
ALTER TABLE "INFOPUB"."SYS_CATALOG" ADD CHECK ("UPDATE_TIME" IS NOT NULL);

-- ----------------------------
-- Primary Key structure for table SYS_CATALOG
-- ----------------------------
ALTER TABLE "INFOPUB"."SYS_CATALOG" ADD PRIMARY KEY ("ID");

-- ----------------------------
-- Indexes structure for table SYS_DEPT
-- ----------------------------
CREATE UNIQUE INDEX "INFOPUB"."SYS_DEPT_NO"
ON "INFOPUB"."SYS_DEPT" ("DEPT_NO" ASC)
LOGGING
VISIBLE;

-- ----------------------------
-- Checks structure for table SYS_DEPT
-- ----------------------------
ALTER TABLE "INFOPUB"."SYS_DEPT" ADD CHECK ("ID" IS NOT NULL);
ALTER TABLE "INFOPUB"."SYS_DEPT" ADD CHECK ("CREATE_BY" IS NOT NULL);
ALTER TABLE "INFOPUB"."SYS_DEPT" ADD CHECK ("CREATE_TIME" IS NOT NULL);
ALTER TABLE "INFOPUB"."SYS_DEPT" ADD CHECK ("UPDATE_BY" IS NOT NULL);
ALTER TABLE "INFOPUB"."SYS_DEPT" ADD CHECK ("UPDATE_TIME" IS NOT NULL);
ALTER TABLE "INFOPUB"."SYS_DEPT" ADD CHECK ("DEPT_NO" IS NOT NULL);

-- ----------------------------
-- Primary Key structure for table SYS_DEPT
-- ----------------------------
ALTER TABLE "INFOPUB"."SYS_DEPT" ADD PRIMARY KEY ("ID");

-- ----------------------------
-- Indexes structure for table SYS_DIC
-- ----------------------------

-- ----------------------------
-- Uniques structure for table SYS_DIC
-- ----------------------------
ALTER TABLE "INFOPUB"."SYS_DIC" ADD UNIQUE ("INDEX_ID", "CODE_");

-- ----------------------------
-- Checks structure for table SYS_DIC
-- ----------------------------
ALTER TABLE "INFOPUB"."SYS_DIC" ADD CHECK ("ID" IS NOT NULL);
ALTER TABLE "INFOPUB"."SYS_DIC" ADD CHECK ("EDITABLE_" IS NOT NULL);
ALTER TABLE "INFOPUB"."SYS_DIC" ADD CHECK ("ENABLE_" IS NOT NULL);
ALTER TABLE "INFOPUB"."SYS_DIC" ADD CHECK ("CREATE_BY" IS NOT NULL);
ALTER TABLE "INFOPUB"."SYS_DIC" ADD CHECK ("CREATE_TIME" IS NOT NULL);
ALTER TABLE "INFOPUB"."SYS_DIC" ADD CHECK ("UPDATE_BY" IS NOT NULL);
ALTER TABLE "INFOPUB"."SYS_DIC" ADD CHECK ("UPDATE_TIME" IS NOT NULL);

-- ----------------------------
-- Primary Key structure for table SYS_DIC
-- ----------------------------
ALTER TABLE "INFOPUB"."SYS_DIC" ADD PRIMARY KEY ("ID");

-- ----------------------------
-- Indexes structure for table SYS_DIC_INDEX
-- ----------------------------

-- ----------------------------
-- Uniques structure for table SYS_DIC_INDEX
-- ----------------------------
ALTER TABLE "INFOPUB"."SYS_DIC_INDEX" ADD UNIQUE ("KEY_");

-- ----------------------------
-- Checks structure for table SYS_DIC_INDEX
-- ----------------------------
ALTER TABLE "INFOPUB"."SYS_DIC_INDEX" ADD CHECK ("ID" IS NOT NULL);
ALTER TABLE "INFOPUB"."SYS_DIC_INDEX" ADD CHECK ("CATALOG_ID" IS NOT NULL);
ALTER TABLE "INFOPUB"."SYS_DIC_INDEX" ADD CHECK ("CREATE_BY" IS NOT NULL);
ALTER TABLE "INFOPUB"."SYS_DIC_INDEX" ADD CHECK ("CREATE_TIME" IS NOT NULL);
ALTER TABLE "INFOPUB"."SYS_DIC_INDEX" ADD CHECK ("UPDATE_BY" IS NOT NULL);
ALTER TABLE "INFOPUB"."SYS_DIC_INDEX" ADD CHECK ("UPDATE_TIME" IS NOT NULL);

-- ----------------------------
-- Primary Key structure for table SYS_DIC_INDEX
-- ----------------------------
ALTER TABLE "INFOPUB"."SYS_DIC_INDEX" ADD PRIMARY KEY ("ID");

-- ----------------------------
-- Indexes structure for table SYS_EVENT
-- ----------------------------
CREATE INDEX "INFOPUB"."SYS_EVENT_TITLE"
ON "INFOPUB"."SYS_EVENT" ("TITLE_" ASC)
LOGGING
VISIBLE;
CREATE INDEX "INFOPUB"."SYS_EVENT_URI"
ON "INFOPUB"."SYS_EVENT" ("REQUEST_URI" ASC)
LOGGING
VISIBLE;

-- ----------------------------
-- Checks structure for table SYS_EVENT
-- ----------------------------
ALTER TABLE "INFOPUB"."SYS_EVENT" ADD CHECK ("ID" IS NOT NULL);
ALTER TABLE "INFOPUB"."SYS_EVENT" ADD CHECK ("CREATE_BY" IS NOT NULL);
ALTER TABLE "INFOPUB"."SYS_EVENT" ADD CHECK ("CREATE_TIME" IS NOT NULL);
ALTER TABLE "INFOPUB"."SYS_EVENT" ADD CHECK ("UPDATE_BY" IS NOT NULL);
ALTER TABLE "INFOPUB"."SYS_EVENT" ADD CHECK ("UPDATE_TIME" IS NOT NULL);

-- ----------------------------
-- Primary Key structure for table SYS_EVENT
-- ----------------------------
ALTER TABLE "INFOPUB"."SYS_EVENT" ADD PRIMARY KEY ("ID");

-- ----------------------------
-- Indexes structure for table SYS_MENU
-- ----------------------------

-- ----------------------------
-- Checks structure for table SYS_MENU
-- ----------------------------
ALTER TABLE "INFOPUB"."SYS_MENU" ADD CHECK ("ID" IS NOT NULL);
ALTER TABLE "INFOPUB"."SYS_MENU" ADD CHECK ("EXPAND_" IS NOT NULL);
ALTER TABLE "INFOPUB"."SYS_MENU" ADD CHECK ("IS_SHOW" IS NOT NULL);
ALTER TABLE "INFOPUB"."SYS_MENU" ADD CHECK ("CREATE_BY" IS NOT NULL);
ALTER TABLE "INFOPUB"."SYS_MENU" ADD CHECK ("CREATE_TIME" IS NOT NULL);
ALTER TABLE "INFOPUB"."SYS_MENU" ADD CHECK ("UPDATE_BY" IS NOT NULL);
ALTER TABLE "INFOPUB"."SYS_MENU" ADD CHECK ("UPDATE_TIME" IS NOT NULL);

-- ----------------------------
-- Primary Key structure for table SYS_MENU
-- ----------------------------
ALTER TABLE "INFOPUB"."SYS_MENU" ADD PRIMARY KEY ("ID");

-- ----------------------------
-- Indexes structure for table SYS_PARAM
-- ----------------------------

-- ----------------------------
-- Checks structure for table SYS_PARAM
-- ----------------------------
ALTER TABLE "INFOPUB"."SYS_PARAM" ADD CHECK ("ID" IS NOT NULL);
ALTER TABLE "INFOPUB"."SYS_PARAM" ADD CHECK ("CREATE_BY" IS NOT NULL);
ALTER TABLE "INFOPUB"."SYS_PARAM" ADD CHECK ("CREATE_TIME" IS NOT NULL);
ALTER TABLE "INFOPUB"."SYS_PARAM" ADD CHECK ("UPDATE_BY" IS NOT NULL);
ALTER TABLE "INFOPUB"."SYS_PARAM" ADD CHECK ("UPDATE_TIME" IS NOT NULL);

-- ----------------------------
-- Primary Key structure for table SYS_PARAM
-- ----------------------------
ALTER TABLE "INFOPUB"."SYS_PARAM" ADD PRIMARY KEY ("ID");

-- ----------------------------
-- Indexes structure for table SYS_RESOURCE
-- ----------------------------

-- ----------------------------
-- Checks structure for table SYS_RESOURCE
-- ----------------------------
ALTER TABLE "INFOPUB"."SYS_RESOURCE" ADD CHECK ("ID" IS NOT NULL);
ALTER TABLE "INFOPUB"."SYS_RESOURCE" ADD CHECK ("RESOURCE_NAME" IS NOT NULL);
ALTER TABLE "INFOPUB"."SYS_RESOURCE" ADD CHECK ("RESOURCE_PATH" IS NOT NULL);
ALTER TABLE "INFOPUB"."SYS_RESOURCE" ADD CHECK ("RESOURCE_TYPE" IS NOT NULL);
ALTER TABLE "INFOPUB"."SYS_RESOURCE" ADD CHECK ("RESOURCE_FILE" IS NOT NULL);
ALTER TABLE "INFOPUB"."SYS_RESOURCE" ADD CHECK ("CREATE_TIME" IS NOT NULL);
ALTER TABLE "INFOPUB"."SYS_RESOURCE" ADD CHECK ("CREATE_BY" IS NOT NULL);
ALTER TABLE "INFOPUB"."SYS_RESOURCE" ADD CHECK ("UPDATE_TIME" IS NOT NULL);
ALTER TABLE "INFOPUB"."SYS_RESOURCE" ADD CHECK ("UPDATE_BY" IS NOT NULL);

-- ----------------------------
-- Primary Key structure for table SYS_RESOURCE
-- ----------------------------
ALTER TABLE "INFOPUB"."SYS_RESOURCE" ADD PRIMARY KEY ("ID");

-- ----------------------------
-- Indexes structure for table SYS_ROLE
-- ----------------------------

-- ----------------------------
-- Uniques structure for table SYS_ROLE
-- ----------------------------
ALTER TABLE "INFOPUB"."SYS_ROLE" ADD UNIQUE ("ROLE_CODE");

-- ----------------------------
-- Checks structure for table SYS_ROLE
-- ----------------------------
ALTER TABLE "INFOPUB"."SYS_ROLE" ADD CHECK ("ID" IS NOT NULL);
ALTER TABLE "INFOPUB"."SYS_ROLE" ADD CHECK ("ROLE_TYPE" IS NOT NULL);
ALTER TABLE "INFOPUB"."SYS_ROLE" ADD CHECK ("ENABLE_" IS NOT NULL);
ALTER TABLE "INFOPUB"."SYS_ROLE" ADD CHECK ("CREATE_BY" IS NOT NULL);
ALTER TABLE "INFOPUB"."SYS_ROLE" ADD CHECK ("CREATE_TIME" IS NOT NULL);
ALTER TABLE "INFOPUB"."SYS_ROLE" ADD CHECK ("UPDATE_BY" IS NOT NULL);
ALTER TABLE "INFOPUB"."SYS_ROLE" ADD CHECK ("UPDATE_TIME" IS NOT NULL);
ALTER TABLE "INFOPUB"."SYS_ROLE" ADD CHECK ("ROLE_CODE" IS NOT NULL);

-- ----------------------------
-- Primary Key structure for table SYS_ROLE
-- ----------------------------
ALTER TABLE "INFOPUB"."SYS_ROLE" ADD PRIMARY KEY ("ID");

-- ----------------------------
-- Indexes structure for table SYS_ROLE_MENU
-- ----------------------------

-- ----------------------------
-- Checks structure for table SYS_ROLE_MENU
-- ----------------------------
ALTER TABLE "INFOPUB"."SYS_ROLE_MENU" ADD CHECK ("ROLE_ID" IS NOT NULL);
ALTER TABLE "INFOPUB"."SYS_ROLE_MENU" ADD CHECK ("MENU_ID" IS NOT NULL);
ALTER TABLE "INFOPUB"."SYS_ROLE_MENU" ADD CHECK ("PERMISSION_" IS NOT NULL);
ALTER TABLE "INFOPUB"."SYS_ROLE_MENU" ADD CHECK ("CREATE_BY" IS NOT NULL);
ALTER TABLE "INFOPUB"."SYS_ROLE_MENU" ADD CHECK ("CREATE_TIME" IS NOT NULL);
ALTER TABLE "INFOPUB"."SYS_ROLE_MENU" ADD CHECK ("UPDATE_BY" IS NOT NULL);
ALTER TABLE "INFOPUB"."SYS_ROLE_MENU" ADD CHECK ("UPDATE_TIME" IS NOT NULL);

-- ----------------------------
-- Primary Key structure for table SYS_ROLE_MENU
-- ----------------------------
ALTER TABLE "INFOPUB"."SYS_ROLE_MENU" ADD PRIMARY KEY ("ROLE_ID", "MENU_ID", "PERMISSION_");

-- ----------------------------
-- Indexes structure for table SYS_SESSION
-- ----------------------------

-- ----------------------------
-- Checks structure for table SYS_SESSION
-- ----------------------------
ALTER TABLE "INFOPUB"."SYS_SESSION" ADD CHECK ("ID" IS NOT NULL);
ALTER TABLE "INFOPUB"."SYS_SESSION" ADD CHECK ("START_TIME" IS NOT NULL);
ALTER TABLE "INFOPUB"."SYS_SESSION" ADD CHECK ("CREATE_TIME" IS NOT NULL);
ALTER TABLE "INFOPUB"."SYS_SESSION" ADD CHECK ("CREATE_BY" IS NOT NULL);
ALTER TABLE "INFOPUB"."SYS_SESSION" ADD CHECK ("UPDATE_TIME" IS NOT NULL);
ALTER TABLE "INFOPUB"."SYS_SESSION" ADD CHECK ("UPDATE_BY" IS NOT NULL);

-- ----------------------------
-- Primary Key structure for table SYS_SESSION
-- ----------------------------
ALTER TABLE "INFOPUB"."SYS_SESSION" ADD PRIMARY KEY ("ID");

-- ----------------------------
-- Indexes structure for table SYS_USER
-- ----------------------------

-- ----------------------------
-- Uniques structure for table SYS_USER
-- ----------------------------
ALTER TABLE "INFOPUB"."SYS_USER" ADD UNIQUE ("ACCOUNT_");

-- ----------------------------
-- Checks structure for table SYS_USER
-- ----------------------------
ALTER TABLE "INFOPUB"."SYS_USER" ADD CHECK ("ID" IS NOT NULL);
ALTER TABLE "INFOPUB"."SYS_USER" ADD CHECK ("SEX_" IS NOT NULL);
ALTER TABLE "INFOPUB"."SYS_USER" ADD CHECK ("DEPT_ID" IS NOT NULL);
ALTER TABLE "INFOPUB"."SYS_USER" ADD CHECK ("CREATE_TIME" IS NOT NULL);
ALTER TABLE "INFOPUB"."SYS_USER" ADD CHECK ("CREATE_BY" IS NOT NULL);
ALTER TABLE "INFOPUB"."SYS_USER" ADD CHECK ("UPDATE_TIME" IS NOT NULL);
ALTER TABLE "INFOPUB"."SYS_USER" ADD CHECK ("UPDATE_BY" IS NOT NULL);

-- ----------------------------
-- Primary Key structure for table SYS_USER
-- ----------------------------
ALTER TABLE "INFOPUB"."SYS_USER" ADD PRIMARY KEY ("ID");

-- ----------------------------
-- Indexes structure for table SYS_USER_MENU
-- ----------------------------

-- ----------------------------
-- Checks structure for table SYS_USER_MENU
-- ----------------------------
ALTER TABLE "INFOPUB"."SYS_USER_MENU" ADD CHECK ("USER_ID" IS NOT NULL);
ALTER TABLE "INFOPUB"."SYS_USER_MENU" ADD CHECK ("MENU_ID" IS NOT NULL);
ALTER TABLE "INFOPUB"."SYS_USER_MENU" ADD CHECK ("PERMISSION_" IS NOT NULL);
ALTER TABLE "INFOPUB"."SYS_USER_MENU" ADD CHECK ("CREATE_BY" IS NOT NULL);
ALTER TABLE "INFOPUB"."SYS_USER_MENU" ADD CHECK ("CREATE_TIME" IS NOT NULL);
ALTER TABLE "INFOPUB"."SYS_USER_MENU" ADD CHECK ("UPDATE_BY" IS NOT NULL);
ALTER TABLE "INFOPUB"."SYS_USER_MENU" ADD CHECK ("UPDATE_TIME" IS NOT NULL);

-- ----------------------------
-- Primary Key structure for table SYS_USER_MENU
-- ----------------------------
ALTER TABLE "INFOPUB"."SYS_USER_MENU" ADD PRIMARY KEY ("USER_ID", "MENU_ID", "PERMISSION_");

-- ----------------------------
-- Indexes structure for table SYS_USER_ROLE
-- ----------------------------
CREATE INDEX "INFOPUB"."SYS_USER_ROLE_RID"
ON "INFOPUB"."SYS_USER_ROLE" ("ROLE_ID" ASC)
LOGGING
VISIBLE;

-- ----------------------------
-- Checks structure for table SYS_USER_ROLE
-- ----------------------------
ALTER TABLE "INFOPUB"."SYS_USER_ROLE" ADD CHECK ("USER_ID" IS NOT NULL);
ALTER TABLE "INFOPUB"."SYS_USER_ROLE" ADD CHECK ("ROLE_ID" IS NOT NULL);
ALTER TABLE "INFOPUB"."SYS_USER_ROLE" ADD CHECK ("CREATE_BY" IS NOT NULL);
ALTER TABLE "INFOPUB"."SYS_USER_ROLE" ADD CHECK ("CREATE_TIME" IS NOT NULL);
ALTER TABLE "INFOPUB"."SYS_USER_ROLE" ADD CHECK ("UPDATE_BY" IS NOT NULL);
ALTER TABLE "INFOPUB"."SYS_USER_ROLE" ADD CHECK ("UPDATE_TIME" IS NOT NULL);

-- ----------------------------
-- Primary Key structure for table SYS_USER_ROLE
-- ----------------------------
ALTER TABLE "INFOPUB"."SYS_USER_ROLE" ADD PRIMARY KEY ("USER_ID", "ROLE_ID");

-- ----------------------------
-- Indexes structure for table SYS_USER_THIRDPARTY
-- ----------------------------

-- ----------------------------
-- Uniques structure for table SYS_USER_THIRDPARTY
-- ----------------------------
ALTER TABLE "INFOPUB"."SYS_USER_THIRDPARTY" ADD UNIQUE ("USER_ID", "PROVIDER_", "OPEN_ID");

-- ----------------------------
-- Checks structure for table SYS_USER_THIRDPARTY
-- ----------------------------
ALTER TABLE "INFOPUB"."SYS_USER_THIRDPARTY" ADD CHECK ("ID" IS NOT NULL);
ALTER TABLE "INFOPUB"."SYS_USER_THIRDPARTY" ADD CHECK ("USER_ID" IS NOT NULL);
ALTER TABLE "INFOPUB"."SYS_USER_THIRDPARTY" ADD CHECK ("PROVIDER_" IS NOT NULL);
ALTER TABLE "INFOPUB"."SYS_USER_THIRDPARTY" ADD CHECK ("OPEN_ID" IS NOT NULL);
ALTER TABLE "INFOPUB"."SYS_USER_THIRDPARTY" ADD CHECK ("CREATE_BY" IS NOT NULL);
ALTER TABLE "INFOPUB"."SYS_USER_THIRDPARTY" ADD CHECK ("CREATE_TIME" IS NOT NULL);
ALTER TABLE "INFOPUB"."SYS_USER_THIRDPARTY" ADD CHECK ("UPDATE_BY" IS NOT NULL);
ALTER TABLE "INFOPUB"."SYS_USER_THIRDPARTY" ADD CHECK ("UPDATE_TIME" IS NOT NULL);

-- ----------------------------
-- Primary Key structure for table SYS_USER_THIRDPARTY
-- ----------------------------
ALTER TABLE "INFOPUB"."SYS_USER_THIRDPARTY" ADD PRIMARY KEY ("ID");
